source_system_a,source_id_a,entity_name_a,source_system_b,source_id_b,entity_name_b,address_similarity,name_similarity,geographic_proximity,confidence,outcome
sales_records,SR-1006,Bluepeak Realty Trust,debt_records,DBT-2024-006,Bluepeak Realty Trust,1.0,1.0,,1.0,auto_match
sales_records,SR-1010,Cornerstone Retail Fund,debt_records,DBT-2024-010,Cornerstone Retail Fund,1.0,1.0,,1.0,auto_match
sales_records,SR-1011,Pinnacle Office Trust,debt_records,DBT-2024-011,Pinnacle Office Trust,1.0,1.0,,1.0,auto_match
sales_records,SR-1005,Crestpoint Industrial Partners,debt_records,DBT-2024-005,Crestpoint Industrial Partners LLC,1.0,0.975,,0.9889,auto_match
sales_records,SR-1012,Redwood Multifamily Group,debt_records,DBT-2024-012,Redwood Multifamily Group LLC,1.0,0.9704,,0.9868,auto_match
sales_records,SR-1002,Oakwood Retail Partners,debt_records,DBT-2024-002,Oakwood Retail Partners Inc,1.0,0.968,,0.9858,auto_match
sales_records,SR-1009,Delta Ridge Ventures,debt_records,DBT-2024-009,Delta Ridge Ventures LLC,1.0,0.9636,,0.9838,auto_match
sales_records,SR-1008,Northgate Logistics,debt_records,DBT-2024-008,Northgate Logistics LLC,1.0,0.9619,,0.9831,auto_match
sales_records,SR-1003,Silverline Capital,debt_records,DBT-2024-003,Silverline Capital LLC,1.0,0.96,,0.9822,auto_match
sales_records,SR-1003,Silverline Capital,debt_records,DBT-2024-030,Silverline Capital LLC,1.0,0.96,,0.9822,auto_match
sales_records,SR-1007,Ashford Commercial Group,debt_records,DBT-2024-007,Ashford Commercial Group,0.8596,1.0,,0.922,auto_match
sales_records,SR-1001,Meridian Property Group,debt_records,DBT-2024-001,Meridian Properties LLC,1.0,0.7528,,0.8901,auto_match
sales_records,SR-1002,Oakwood Retail Partners,debt_records,DBT-2023-013,Falcon Creek Holdings,0.7667,0.3182,,0.5674,review_queue
sales_records,SR-1027,Bayshore Office Trust,debt_records,DBT-2024-011,Pinnacle Office Trust,0.3529,0.7143,,0.5135,review_queue
sales_records,SR-1002,Oakwood Retail Partners,debt_records,DBT-2024-014,Union Pacific Retail Partners,0.3484,0.6923,,0.5012,review_queue
sales_records,SR-1019,Foundry Square Partners,debt_records,DBT-2024-014,Union Pacific Retail Partners,0.4364,0.5769,,0.4988,review_queue
sales_records,SR-1013,Vantage Point Capital,debt_records,DBT-2024-003,Silverline Capital LLC,0.3892,0.5925,,0.4796,review_queue
sales_records,SR-1013,Vantage Point Capital,debt_records,DBT-2024-030,Silverline Capital LLC,0.3892,0.5925,,0.4796,review_queue
sales_records,SR-1029,Ember Ridge Capital,debt_records,DBT-2023-017,Coastal Bend Capital,0.4114,0.5641,,0.4793,review_queue
sales_records,SR-1025,Copperfield Industrial,debt_records,DBT-2024-026,Blackthorn Industrial LP,0.3529,0.6342,,0.4779,review_queue
sales_records,SR-1026,Willowbrook Residential Partners,debt_records,DBT-2024-002,Oakwood Retail Partners Inc,0.3568,0.6014,,0.4655,review_queue
sales_records,SR-1028,Stonebridge Retail Group,debt_records,DBT-2024-027,Sagebrush Retail Holdings,0.4105,0.5306,,0.4639,review_queue
sales_records,SR-1020,Golden Gate Industrial Trust,debt_records,DBT-2024-015,Grayson Industrial Fund,0.33,0.6275,,0.4622,review_queue
sales_records,SR-1026,Willowbrook Residential Partners,debt_records,DBT-2024-021,Hollow Creek Residential,0.3143,0.6429,,0.4603,review_queue
sales_records,SR-1012,Redwood Multifamily Group,debt_records,DBT-2024-016,Prairie Wind Multifamily LP,0.2919,0.6688,,0.4594,review_queue
sales_records,SR-1009,Delta Ridge Ventures,debt_records,DBT-2024-028,Copper Basin Ventures,0.3529,0.5854,,0.4562,review_queue
sales_records,SR-1028,Stonebridge Retail Group,debt_records,DBT-2024-019,Amberleaf Retail Trust,0.3529,0.5652,,0.4473,review_queue
sales_records,SR-1006,Bluepeak Realty Trust,debt_records,DBT-2024-019,Amberleaf Retail Trust,0.24,0.6977,,0.4434,review_queue
sales_records,SR-1013,Vantage Point Capital,debt_records,DBT-2023-017,Coastal Bend Capital,0.2909,0.6341,,0.4434,review_queue
sales_records,SR-1022,Sable Point Group,debt_records,DBT-2024-011,Pinnacle Office Trust,0.4125,0.4737,,0.4397,review_queue
sales_records,SR-1019,Foundry Square Partners,debt_records,DBT-2024-002,Oakwood Retail Partners Inc,0.32,0.5892,,0.4396,review_queue
sales_records,SR-1011,Pinnacle Office Trust,debt_records,DBT-2024-025,Windermere Office Fund,0.3429,0.5581,,0.4385,review_queue
sales_records,SR-1028,Stonebridge Retail Group,debt_records,DBT-2024-014,Union Pacific Retail Partners,0.4235,0.4528,,0.4365,review_queue
sales_records,SR-1021,Maple Crest Ventures,debt_records,DBT-2024-009,Delta Ridge Ventures LLC,0.36,0.53,,0.4356,review_queue
sales_records,SR-1002,Oakwood Retail Partners,debt_records,DBT-2024-019,Amberleaf Retail Trust,0.3871,0.4889,,0.4323,review_queue
sales_records,SR-1011,Pinnacle Office Trust,debt_records,DBT-2024-019,Amberleaf Retail Trust,0.3636,0.5116,,0.4294,review_queue
sales_records,SR-1020,Golden Gate Industrial Trust,debt_records,DBT-2024-016,Prairie Wind Multifamily LP,0.4235,0.4284,,0.4257,review_queue
sales_records,SR-1027,Bayshore Office Trust,debt_records,DBT-2024-025,Windermere Office Fund,0.3568,0.5116,,0.4256,review_queue
sales_records,SR-1022,Sable Point Group,debt_records,DBT-2024-027,Sagebrush Retail Holdings,0.4216,0.4286,,0.4247,review_queue
sales_records,SR-1002,Oakwood Retail Partners,debt_records,DBT-2024-012,Redwood Multifamily Group LLC,0.4,0.4442,,0.4196,review_queue
sales_records,SR-1012,Redwood Multifamily Group,debt_records,DBT-2024-002,Oakwood Retail Partners Inc,0.4,0.4442,,0.4196,review_queue
sales_records,SR-1003,Silverline Capital,debt_records,DBT-2023-017,Coastal Bend Capital,0.2471,0.6316,,0.418,review_queue
sales_records,SR-1027,Bayshore Office Trust,debt_records,DBT-2024-019,Amberleaf Retail Trust,0.3429,0.5116,,0.4179,review_queue
sales_records,SR-1023,Twin Rivers Retail LLC,debt_records,DBT-2024-014,Union Pacific Retail Partners,0.375,0.4691,,0.4168,review_queue
sales_records,SR-1023,Twin Rivers Retail LLC,debt_records,DBT-2024-016,Prairie Wind Multifamily LP,0.4364,0.3918,,0.4166,review_queue
sales_records,SR-1026,Willowbrook Residential Partners,debt_records,DBT-2024-014,Union Pacific Retail Partners,0.33,0.5246,,0.4165,review_queue
sales_records,SR-1020,Golden Gate Industrial Trust,debt_records,DBT-2024-019,Amberleaf Retail Trust,0.3636,0.48,,0.4153,review_queue
sales_records,SR-1022,Sable Point Group,debt_records,DBT-2023-013,Falcon Creek Holdings,0.4105,0.4211,,0.4152,review_queue
sales_records,SR-1029,Ember Ridge Capital,debt_records,DBT-2024-019,Amberleaf Retail Trust,0.3568,0.4878,,0.415,review_queue
sales_records,SR-1021,Maple Crest Ventures,debt_records,DBT-2024-028,Copper Basin Ventures,0.3176,0.5366,,0.4149,review_queue
sales_records,SR-1028,Stonebridge Retail Group,debt_records,DBT-2023-017,Coastal Bend Capital,0.4875,0.3182,,0.4123,review_queue
sales_records,SR-1012,Redwood Multifamily Group,debt_records,DBT-2024-019,Amberleaf Retail Trust,0.4333,0.383,,0.4109,review_queue
sales_records,SR-1023,Twin Rivers Retail LLC,debt_records,DBT-2024-019,Amberleaf Retail Trust,0.375,0.4518,,0.4091,review_queue
sales_records,SR-1018,Brightline REIT,debt_records,DBT-2024-027,Sagebrush Retail Holdings,0.4308,0.38,,0.4082,review_queue
sales_records,SR-1028,Stonebridge Retail Group,debt_records,DBT-2024-021,Hollow Creek Residential,0.4333,0.375,,0.4074,review_queue
sales_records,SR-1022,Sable Point Group,debt_records,DBT-2024-019,Amberleaf Retail Trust,0.3636,0.4615,,0.4071,review_queue
sales_records,SR-1029,Ember Ridge Capital,debt_records,DBT-2024-009,Delta Ridge Ventures LLC,0.3771,0.4444,,0.407,review_queue
sales_records,SR-1020,Golden Gate Industrial Trust,debt_records,DBT-2024-022,Palmetto Coast Investors,0.3871,0.4231,,0.4031,review_queue
sales_records,SR-1019,Foundry Square Partners,debt_records,DBT-2023-017,Coastal Bend Capital,0.4645,0.3256,,0.4028,review_queue
sales_records,SR-1009,Delta Ridge Ventures,debt_records,DBT-2024-022,Palmetto Coast Investors,0.36,0.4545,,0.402,review_queue
sales_records,SR-1023,Twin Rivers Retail LLC,debt_records,DBT-2024-021,Hollow Creek Residential,0.3529,0.4596,,0.4003,review_queue
sales_records,SR-1028,Stonebridge Retail Group,debt_records,DBT-2024-015,Grayson Industrial Fund,0.439,0.3404,,0.3952,auto_reject
sales_records,SR-1028,Stonebridge Retail Group,debt_records,DBT-2024-002,Oakwood Retail Partners Inc,0.3484,0.4534,,0.3951,auto_reject
sales_records,SR-1029,Ember Ridge Capital,debt_records,DBT-2024-021,Hollow Creek Residential,0.3385,0.4651,,0.3948,auto_reject
sales_records,SR-1019,Foundry Square Partners,debt_records,DBT-2024-024,Quarrystone Partners,0.1895,0.6512,,0.3947,auto_reject
sales_records,SR-1023,Twin Rivers Retail LLC,debt_records,DBT-2024-020,Steelyard Logistics Fund,0.525,0.2298,,0.3938,auto_reject
sales_records,SR-1028,Stonebridge Retail Group,debt_records,DBT-2024-009,Delta Ridge Ventures LLC,0.375,0.4121,,0.3915,auto_reject
sales_records,SR-1014,Summit Bay Investors,debt_records,DBT-2024-024,Quarrystone Partners,0.3805,0.4,,0.3892,auto_reject
sales_records,SR-1010,Cornerstone Retail Fund,debt_records,DBT-2024-019,Amberleaf Retail Trust,0.2667,0.5333,,0.3852,auto_reject
sales_records,SR-1005,Crestpoint Industrial Partners,debt_records,DBT-2024-015,Grayson Industrial Fund,0.18,0.6415,,0.3851,auto_reject
sales_records,SR-1023,Twin Rivers Retail LLC,debt_records,DBT-2024-002,Oakwood Retail Partners Inc,0.3724,0.3974,,0.3835,auto_reject
sales_records,SR-1023,Twin Rivers Retail LLC,debt_records,DBT-2024-009,Delta Ridge Ventures LLC,0.32,0.4613,,0.3828,auto_reject
sales_records,SR-1029,Ember Ridge Capital,debt_records,DBT-2024-003,Silverline Capital LLC,0.1846,0.6233,,0.3796,auto_reject
sales_records,SR-1029,Ember Ridge Capital,debt_records,DBT-2024-030,Silverline Capital LLC,0.1846,0.6233,,0.3796,auto_reject
sales_records,SR-1009,Delta Ridge Ventures,debt_records,DBT-2024-002,Oakwood Retail Partners Inc,0.3724,0.3873,,0.379,auto_reject
sales_records,SR-1021,Maple Crest Ventures,debt_records,DBT-2024-021,Hollow Creek Residential,0.3529,0.4091,,0.3779,auto_reject
sales_records,SR-1028,Stonebridge Retail Group,debt_records,DBT-2024-012,Redwood Multifamily Group LLC,0.3,0.475,,0.3778,auto_reject
sales_records,SR-1011,Pinnacle Office Trust,debt_records,DBT-2024-014,Union Pacific Retail Partners,0.3273,0.44,,0.3774,auto_reject
sales_records,SR-1028,Stonebridge Retail Group,debt_records,DBT-2024-010,Cornerstone Retail Fund,0.2,0.5957,,0.3759,auto_reject
sales_records,SR-1022,Sable Point Group,debt_records,DBT-2023-017,Coastal Bend Capital,0.5032,0.2162,,0.3756,auto_reject
sales_records,SR-1002,Oakwood Retail Partners,debt_records,DBT-2024-027,Sagebrush Retail Holdings,0.3086,0.4583,,0.3751,auto_reject
sales_records,SR-1019,Foundry Square Partners,debt_records,DBT-2023-013,Falcon Creek Holdings,0.3474,0.4091,,0.3748,auto_reject
sales_records,SR-1027,Bayshore Office Trust,debt_records,DBT-2024-021,Hollow Creek Residential,0.3892,0.3556,,0.3743,auto_reject
sales_records,SR-1020,Golden Gate Industrial Trust,debt_records,DBT-2024-014,Union Pacific Retail Partners,0.3636,0.386,,0.3736,auto_reject
sales_records,SR-1030,Marlin Bay Partners,debt_records,DBT-2024-001,Meridian Properties LLC,0.3077,0.4556,,0.3734,auto_reject
sales_records,SR-1020,Golden Gate Industrial Trust,debt_records,DBT-2024-005,Crestpoint Industrial Partners LLC,0.1875,0.6047,,0.3729,auto_reject
sales_records,SR-1022,Sable Point Group,debt_records,DBT-2024-002,Oakwood Retail Partners Inc,0.44,0.2891,,0.3729,auto_reject
sales_records,SR-1027,Bayshore Office Trust,debt_records,DBT-2024-015,Grayson Industrial Fund,0.3429,0.4091,,0.3723,auto_reject
sales_records,SR-1022,Sable Point Group,debt_records,DBT-2024-015,Grayson Industrial Fund,0.39,0.35,,0.3722,auto_reject
sales_records,SR-1028,Stonebridge Retail Group,debt_records,DBT-2024-007,Ashford Commercial Group,0.2348,0.5417,,0.3712,auto_reject
sales_records,SR-1030,Marlin Bay Partners,debt_records,DBT-2024-024,Quarrystone Partners,0.1756,0.6154,,0.3711,auto_reject
sales_records,SR-1002,Oakwood Retail Partners,debt_records,DBT-2024-016,Prairie Wind Multifamily LP,0.375,0.3643,,0.3702,auto_reject
sales_records,SR-1025,Copperfield Industrial,debt_records,DBT-2024-003,Silverline Capital LLC,0.3568,0.3855,,0.3696,auto_reject
sales_records,SR-1025,Copperfield Industrial,debt_records,DBT-2024-030,Silverline Capital LLC,0.3568,0.3855,,0.3696,auto_reject
sales_records,SR-1027,Bayshore Office Trust,debt_records,DBT-2024-014,Union Pacific Retail Partners,0.3771,0.36,,0.3695,auto_reject
sales_records,SR-1020,Golden Gate Industrial Trust,debt_records,DBT-2024-011,Pinnacle Office Trust,0.3375,0.4082,,0.3689,auto_reject
sales_records,SR-1021,Maple Crest Ventures,debt_records,DBT-2024-011,Pinnacle Office Trust,0.3484,0.3902,,0.367,auto_reject
sales_records,SR-1022,Sable Point Group,debt_records,DBT-2024-022,Palmetto Coast Investors,0.4258,0.2927,,0.3666,auto_reject
sales_records,SR-1017,Larkspur Holdings,debt_records,DBT-2023-013,Falcon Creek Holdings,0.1538,0.6316,,0.3662,auto_reject
sales_records,SR-1020,Golden Gate Industrial Trust,debt_records,DBT-2024-002,Oakwood Retail Partners Inc,0.4,0.3226,,0.3656,auto_reject
sales_records,SR-1003,Silverline Capital,debt_records,DBT-2024-026,Blackthorn Industrial LP,0.3771,0.3487,,0.3645,auto_reject
sales_records,SR-1021,Maple Crest Ventures,debt_records,DBT-2024-025,Windermere Office Fund,0.3882,0.3333,,0.3638,auto_reject
sales_records,SR-1027,Bayshore Office Trust,debt_records,DBT-2024-016,Prairie Wind Multifamily LP,0.4333,0.2767,,0.3637,auto_reject
sales_records,SR-1006,Bluepeak Realty Trust,debt_records,DBT-2024-014,Union Pacific Retail Partners,0.3,0.44,,0.3622,auto_reject
sales_records,SR-1013,Vantage Point Capital,debt_records,DBT-2024-026,Blackthorn Industrial LP,0.3176,0.4171,,0.3618,auto_reject
sales_records,SR-1023,Twin Rivers Retail LLC,debt_records,DBT-2024-027,Sagebrush Retail Holdings,0.3,0.4384,,0.3615,auto_reject
sales_records,SR-1019,Foundry Square Partners,debt_records,DBT-2024-021,Hollow Creek Residential,0.4457,0.2553,,0.3611,auto_reject
sales_records,SR-1029,Ember Ridge Capital,debt_records,DBT-2024-027,Sagebrush Retail Holdings,0.322,0.4091,,0.3607,auto_reject
sales_records,SR-1021,Maple Crest Ventures,debt_records,DBT-2024-022,Palmetto Coast Investors,0.32,0.4091,,0.3596,auto_reject
sales_records,SR-1022,Sable Point Group,debt_records,DBT-2024-016,Prairie Wind Multifamily LP,0.3882,0.3211,,0.3584,auto_reject
sales_records,SR-1014,Summit Bay Investors,debt_records,DBT-2024-026,Blackthorn Industrial LP,0.3771,0.3322,,0.3571,auto_reject
sales_records,SR-1027,Bayshore Office Trust,debt_records,DBT-2024-002,Oakwood Retail Partners Inc,0.375,0.3348,,0.3571,auto_reject
sales_records,SR-1021,Maple Crest Ventures,debt_records,DBT-2024-019,Amberleaf Retail Trust,0.3375,0.381,,0.3568,auto_reject
sales_records,SR-1009,Delta Ridge Ventures,debt_records,DBT-2024-019,Amberleaf Retail Trust,0.375,0.3333,,0.3565,auto_reject
sales_records,SR-1025,Copperfield Industrial,debt_records,DBT-2024-016,Prairie Wind Multifamily LP,0.2,0.5514,,0.3562,auto_reject
sales_records,SR-1023,Twin Rivers Retail LLC,debt_records,DBT-2024-025,Windermere Office Fund,0.3176,0.4036,,0.3558,auto_reject
sales_records,SR-1009,Delta Ridge Ventures,debt_records,DBT-2023-017,Coastal Bend Capital,0.4,0.3,,0.3556,auto_reject
sales_records,SR-1023,Twin Rivers Retail LLC,debt_records,DBT-2024-010,Cornerstone Retail Fund,0.2118,0.5353,,0.3556,auto_reject
sales_records,SR-1007,Ashford Commercial Group,debt_records,DBT-2024-012,Redwood Multifamily Group LLC,0.227,0.5146,,0.3548,auto_reject
sales_records,SR-1029,Ember Ridge Capital,debt_records,DBT-2024-015,Grayson Industrial Fund,0.4091,0.2857,,0.3543,auto_reject
sales_records,SR-1022,Sable Point Group,debt_records,DBT-2024-012,Redwood Multifamily Group LLC,0.3429,0.3677,,0.3539,auto_reject
sales_records,SR-1022,Sable Point Group,debt_records,DBT-2024-009,Delta Ridge Ventures LLC,0.3871,0.3117,,0.3536,auto_reject
sales_records,SR-1009,Delta Ridge Ventures,debt_records,DBT-2024-014,Union Pacific Retail Partners,0.375,0.3265,,0.3534,auto_reject
sales_records,SR-1019,Foundry Square Partners,debt_records,DBT-2024-005,Crestpoint Industrial Partners LLC,0.225,0.5135,,0.3532,auto_reject
sales_records,SR-1030,Marlin Bay Partners,debt_records,DBT-2024-014,Union Pacific Retail Partners,0.2,0.5417,,0.3519,auto_reject
sales_records,SR-1002,Oakwood Retail Partners,debt_records,DBT-2023-017,Coastal Bend Capital,0.3724,0.3256,,0.3516,auto_reject
sales_records,SR-1002,Oakwood Retail Partners,debt_records,DBT-2024-009,Delta Ridge Ventures LLC,0.3724,0.3254,,0.3515,auto_reject
sales_records,SR-1019,Foundry Square Partners,debt_records,DBT-2024-011,Pinnacle Office Trust,0.4125,0.2727,,0.3504,auto_reject
sales_records,SR-1023,Twin Rivers Retail LLC,debt_records,DBT-2024-028,Copper Basin Ventures,0.3529,0.3456,,0.3497,auto_reject
sales_records,SR-1028,Stonebridge Retail Group,debt_records,DBT-2024-016,Prairie Wind Multifamily LP,0.3429,0.3569,,0.3491,auto_reject
sales_records,SR-1021,Maple Crest Ventures,debt_records,DBT-2024-016,Prairie Wind Multifamily LP,0.4727,0.1942,,0.3489,auto_reject
sales_records,SR-1025,Copperfield Industrial,debt_records,DBT-2024-015,Grayson Industrial Fund,0.2,0.5333,,0.3481,auto_reject
sales_records,SR-1026,Willowbrook Residential Partners,debt_records,DBT-2024-019,Amberleaf Retail Trust,0.36,0.3333,,0.3481,auto_reject
sales_records,SR-1002,Oakwood Retail Partners,debt_records,DBT-2024-020,Steelyard Logistics Fund,0.3871,0.2979,,0.3475,auto_reject
sales_records,SR-1003,Silverline Capital,debt_records,DBT-2024-028,Copper Basin Ventures,0.3789,0.3077,,0.3473,auto_reject
sales_records,SR-1005,Crestpoint Industrial Partners,debt_records,DBT-2024-014,Union Pacific Retail Partners,0.2182,0.5085,,0.3472,auto_reject
sales_records,SR-1010,Cornerstone Retail Fund,debt_records,DBT-2024-002,Oakwood Retail Partners Inc,0.2545,0.463,,0.3472,auto_reject
sales_records,SR-1018,Brightline REIT,debt_records,DBT-2024-011,Pinnacle Office Trust,0.4235,0.2495,,0.3462,auto_reject
sales_records,SR-1030,Marlin Bay Partners,debt_records,DBT-2024-002,Oakwood Retail Partners Inc,0.1818,0.5516,,0.3462,auto_reject
sales_records,SR-1019,Foundry Square Partners,debt_records,DBT-2024-027,Sagebrush Retail Holdings,0.3892,0.2917,,0.3459,auto_reject
sales_records,SR-1009,Delta Ridge Ventures,debt_records,DBT-2024-011,Pinnacle Office Trust,0.3484,0.3415,,0.3453,auto_reject
sales_records,SR-1020,Golden Gate Industrial Trust,debt_records,DBT-2024-020,Steelyard Logistics Fund,0.4364,0.2308,,0.345,auto_reject
sales_records,SR-1018,Brightline REIT,debt_records,DBT-2024-028,Copper Basin Ventures,0.3892,0.2882,,0.3443,auto_reject
sales_records,SR-1009,Delta Ridge Ventures,debt_records,DBT-2024-025,Windermere Office Fund,0.3529,0.3333,,0.3442,auto_reject
sales_records,SR-1018,Brightline REIT,debt_records,DBT-2024-019,Amberleaf Retail Trust,0.3429,0.3446,,0.3437,auto_reject
sales_records,SR-1028,Stonebridge Retail Group,debt_records,DBT-2023-013,Falcon Creek Holdings,0.3692,0.3111,,0.3434,auto_reject
sales_records,SR-1022,Sable Point Group,debt_records,DBT-2024-007,Ashford Commercial Group,0.2667,0.439,,0.3433,auto_reject
sales_records,SR-1027,Bayshore Office Trust,debt_records,DBT-2024-026,Blackthorn Industrial LP,0.2471,0.4635,,0.3433,auto_reject
sales_records,SR-1023,Twin Rivers Retail LLC,debt_records,DBT-2024-022,Palmetto Coast Investors,0.36,0.3217,,0.343,auto_reject
sales_records,SR-1018,Brightline REIT,debt_records,DBT-2024-021,Hollow Creek Residential,0.3892,0.2848,,0.3428,auto_reject
sales_records,SR-1009,Delta Ridge Ventures,debt_records,DBT-2023-013,Falcon Creek Holdings,0.4216,0.2439,,0.3426,auto_reject
sales_records,SR-1020,Golden Gate Industrial Trust,debt_records,DBT-2023-017,Coastal Bend Capital,0.3484,0.3333,,0.3417,auto_reject
sales_records,SR-1027,Bayshore Office Trust,debt_records,DBT-2024-006,Bluepeak Realty Trust,0.2341,0.4762,,0.3417,auto_reject
sales_records,SR-1020,Golden Gate Industrial Trust,debt_records,DBT-2024-026,Blackthorn Industrial LP,0.1875,0.5338,,0.3414,auto_reject
sales_records,SR-1013,Vantage Point Capital,debt_records,DBT-2024-015,Grayson Industrial Fund,0.2857,0.4091,,0.3405,auto_reject
sales_records,SR-1010,Cornerstone Retail Fund,debt_records,DBT-2024-015,Grayson Industrial Fund,0.1953,0.5217,,0.3404,auto_reject
sales_records,SR-1020,Golden Gate Industrial Trust,debt_records,DBT-2024-009,Delta Ridge Ventures LLC,0.3097,0.3788,,0.3404,auto_reject
sales_records,SR-1002,Oakwood Retail Partners,debt_records,DBT-2024-025,Windermere Office Fund,0.3636,0.3111,,0.3403,auto_reject
sales_records,SR-1019,Foundry Square Partners,debt_records,DBT-2024-019,Amberleaf Retail Trust,0.3636,0.3111,,0.3403,auto_reject
sales_records,SR-1023,Twin Rivers Retail LLC,debt_records,DBT-2024-012,Redwood Multifamily Group LLC,0.3529,0.3243,,0.3402,auto_reject
sales_records,SR-1028,Stonebridge Retail Group,debt_records,DBT-2024-025,Windermere Office Fund,0.3333,0.3478,,0.3397,auto_reject
sales_records,SR-1012,Redwood Multifamily Group,debt_records,DBT-2024-029,Ferngate Multifamily Trust,0.0774,0.6667,,0.3393,auto_reject
sales_records,SR-1022,Sable Point Group,debt_records,DBT-2024-014,Union Pacific Retail Partners,0.4364,0.2174,,0.3391,auto_reject
sales_records,SR-1002,Oakwood Retail Partners,debt_records,DBT-2024-024,Quarrystone Partners,0.2,0.5116,,0.3385,auto_reject
sales_records,SR-1012,Redwood Multifamily Group,debt_records,DBT-2024-007,Ashford Commercial Group,0.25,0.449,,0.3384,auto_reject
sales_records,SR-1009,Delta Ridge Ventures,debt_records,DBT-2024-021,Hollow Creek Residential,0.3176,0.3636,,0.338,auto_reject
sales_records,SR-1025,Copperfield Industrial,debt_records,DBT-2024-021,Hollow Creek Residential,0.2595,0.4348,,0.3374,auto_reject
sales_records,SR-1010,Cornerstone Retail Fund,debt_records,DBT-2024-024,Quarrystone Partners,0.2341,0.4651,,0.3368,auto_reject
sales_records,SR-1018,Brightline REIT,debt_records,DBT-2024-016,Prairie Wind Multifamily LP,0.4,0.2555,,0.3358,auto_reject
sales_records,SR-1003,Silverline Capital,debt_records,DBT-2024-024,Quarrystone Partners,0.3512,0.3158,,0.3355,auto_reject
sales_records,SR-1012,Redwood Multifamily Group,debt_records,DBT-2024-014,Union Pacific Retail Partners,0.3667,0.2963,,0.3354,auto_reject
sales_records,SR-1018,Brightline REIT,debt_records,DBT-2023-013,Falcon Creek Holdings,0.36,0.3047,,0.3354,auto_reject
sales_records,SR-1005,Crestpoint Industrial Partners,debt_records,DBT-2024-026,Blackthorn Industrial LP,0.15,0.5664,,0.3351,auto_reject
sales_records,SR-1010,Cornerstone Retail Fund,debt_records,DBT-2024-014,Union Pacific Retail Partners,0.2333,0.4615,,0.3347,auto_reject
sales_records,SR-1018,Brightline REIT,debt_records,DBT-2024-009,Delta Ridge Ventures LLC,0.3273,0.3436,,0.3345,auto_reject
sales_records,SR-1002,Oakwood Retail Partners,debt_records,DBT-2024-010,Cornerstone Retail Fund,0.2182,0.4783,,0.3338,auto_reject
sales_records,SR-1011,Pinnacle Office Trust,debt_records,DBT-2024-022,Palmetto Coast Investors,0.3871,0.2667,,0.3336,auto_reject
sales_records,SR-1018,Brightline REIT,debt_records,DBT-2024-020,Steelyard Logistics Fund,0.3771,0.279,,0.3335,auto_reject
sales_records,SR-1002,Oakwood Retail Partners,debt_records,DBT-2024-021,Hollow Creek Residential,0.3273,0.3404,,0.3331,auto_reject
sales_records,SR-1021,Maple Crest Ventures,debt_records,DBT-2023-013,Falcon Creek Holdings,0.3243,0.3415,,0.3319,auto_reject
sales_records,SR-1025,Copperfield Industrial,debt_records,DBT-2023-017,Coastal Bend Capital,0.2545,0.4286,,0.3319,auto_reject
sales_records,SR-1025,Copperfield Industrial,debt_records,DBT-2024-005,Crestpoint Industrial Partners LLC,0.1765,0.5231,,0.3305,auto_reject
sales_records,SR-1012,Redwood Multifamily Group,debt_records,DBT-2024-020,Steelyard Logistics Fund,0.3333,0.3265,,0.3303,auto_reject
sales_records,SR-1013,Vantage Point Capital,debt_records,DBT-2024-024,Quarrystone Partners,0.36,0.2927,,0.3301,auto_reject
sales_records,SR-1014,Summit Bay Investors,debt_records,DBT-2024-014,Union Pacific Retail Partners,0.3,0.3673,,0.3299,auto_reject
sales_records,SR-1027,Bayshore Office Trust,debt_records,DBT-2024-020,Steelyard Logistics Fund,0.3771,0.2667,,0.328,auto_reject
sales_records,SR-1028,Stonebridge Retail Group,debt_records,DBT-2024-006,Bluepeak Realty Trust,0.27,0.4,,0.3278,auto_reject
sales_records,SR-1019,Foundry Square Partners,debt_records,DBT-2024-022,Palmetto Coast Investors,0.3484,0.2979,,0.326,auto_reject
sales_records,SR-1012,Redwood Multifamily Group,debt_records,DBT-2024-027,Sagebrush Retail Holdings,0.33,0.32,,0.3256,auto_reject
sales_records,SR-1020,Golden Gate Industrial Trust,debt_records,DBT-2024-021,Hollow Creek Residential,0.3086,0.3462,,0.3253,auto_reject
sales_records,SR-1018,Brightline REIT,debt_records,DBT-2023-017,Coastal Bend Capital,0.3636,0.2743,,0.3239,auto_reject
sales_records,SR-1022,Sable Point Group,debt_records,DBT-2024-006,Bluepeak Realty Trust,0.2462,0.4211,,0.3239,auto_reject
sales_records,SR-1022,Sable Point Group,debt_records,DBT-2024-025,Windermere Office Fund,0.3771,0.2564,,0.3235,auto_reject
sales_records,SR-1010,Cornerstone Retail Fund,debt_records,DBT-2023-017,Coastal Bend Capital,0.2471,0.4186,,0.3233,auto_reject
sales_records,SR-1011,Pinnacle Office Trust,debt_records,DBT-2023-017,Coastal Bend Capital,0.4258,0.1951,,0.3233,auto_reject
sales_records,SR-1002,Oakwood Retail Partners,debt_records,DBT-2024-028,Copper Basin Ventures,0.3636,0.2727,,0.3232,auto_reject
sales_records,SR-1020,Golden Gate Industrial Trust,debt_records,DBT-2024-008,Northgate Logistics LLC,0.2182,0.4534,,0.3227,auto_reject
sales_records,SR-1010,Cornerstone Retail Fund,debt_records,DBT-2024-025,Windermere Office Fund,0.1895,0.4889,,0.3226,auto_reject
sales_records,SR-1026,Willowbrook Residential Partners,debt_records,DBT-2024-027,Sagebrush Retail Holdings,0.3,0.3509,,0.3226,auto_reject
sales_records,SR-1030,Marlin Bay Partners,debt_records,DBT-2024-005,Crestpoint Industrial Partners LLC,0.1371,0.5542,,0.3225,auto_reject
sales_records,SR-1021,Maple Crest Ventures,debt_records,DBT-2024-027,Sagebrush Retail Holdings,0.3667,0.2667,,0.3223,auto_reject
sales_records,SR-1014,Summit Bay Investors,debt_records,DBT-2024-022,Palmetto Coast Investors,0.1412,0.5455,,0.3209,auto_reject
sales_records,SR-1020,Golden Gate Industrial Trust,debt_records,DBT-2024-006,Bluepeak Realty Trust,0.1846,0.4898,,0.3202,auto_reject
sales_records,SR-1026,Willowbrook Residential Partners,debt_records,DBT-2024-005,Crestpoint Industrial Partners LLC,0.1231,0.5666,,0.3202,auto_reject
sales_records,SR-1021,Maple Crest Ventures,debt_records,DBT-2024-014,Union Pacific Retail Partners,0.4125,0.2041,,0.3199,auto_reject
sales_records,SR-1027,Bayshore Office Trust,debt_records,DBT-2024-007,Ashford Commercial Group,0.2553,0.4,,0.3196,auto_reject
sales_records,SR-1011,Pinnacle Office Trust,debt_records,DBT-2024-016,Prairie Wind Multifamily LP,0.3882,0.2333,,0.3194,auto_reject
sales_records,SR-1026,Willowbrook Residential Partners,debt_records,DBT-2024-012,Redwood Multifamily Group LLC,0.4,0.2181,,0.3192,auto_reject
sales_records,SR-1005,Crestpoint Industrial Partners,debt_records,DBT-2024-024,Quarrystone Partners,0.1263,0.56,,0.3191,auto_reject
sales_records,SR-1020,Golden Gate Industrial Trust,debt_records,DBT-2024-007,Ashford Commercial Group,0.2667,0.3846,,0.3191,auto_reject
sales_records,SR-1010,Cornerstone Retail Fund,debt_records,DBT-2024-020,Steelyard Logistics Fund,0.2333,0.4255,,0.3187,auto_reject
sales_records,SR-1029,Ember Ridge Capital,debt_records,DBT-2024-025,Windermere Office Fund,0.3385,0.2927,,0.3181,auto_reject
sales_records,SR-1011,Pinnacle Office Trust,debt_records,DBT-2024-028,Copper Basin Ventures,0.3429,0.2857,,0.3175,auto_reject
sales_records,SR-1002,Oakwood Retail Partners,debt_records,DBT-2024-005,Crestpoint Industrial Partners LLC,0.16,0.5135,,0.3171,auto_reject
sales_records,SR-1005,Crestpoint Industrial Partners,debt_records,DBT-2024-002,Oakwood Retail Partners Inc,0.16,0.5135,,0.3171,auto_reject
sales_records,SR-1001,Meridian Property Group,debt_records,DBT-2024-007,Ashford Commercial Group,0.1959,0.4681,,0.3169,auto_reject
sales_records,SR-1011,Pinnacle Office Trust,debt_records,DBT-2024-009,Delta Ridge Ventures LLC,0.3484,0.276,,0.3162,auto_reject
sales_records,SR-1025,Copperfield Industrial,debt_records,DBT-2024-006,Bluepeak Realty Trust,0.2341,0.4186,,0.3161,auto_reject
sales_records,SR-1018,Brightline REIT,debt_records,DBT-2024-014,Union Pacific Retail Partners,0.3429,0.2811,,0.3154,auto_reject
sales_records,SR-1029,Ember Ridge Capital,debt_records,DBT-2024-011,Pinnacle Office Trust,0.3667,0.25,,0.3148,auto_reject
sales_records,SR-1029,Ember Ridge Capital,debt_records,DBT-2024-022,Palmetto Coast Investors,0.3429,0.2791,,0.3145,auto_reject
sales_records,SR-1018,Brightline REIT,debt_records,DBT-2024-025,Windermere Office Fund,0.3892,0.2206,,0.3143,auto_reject
sales_records,SR-1011,Pinnacle Office Trust,debt_records,DBT-2024-027,Sagebrush Retail Holdings,0.3568,0.2609,,0.3142,auto_reject
sales_records,SR-1022,Sable Point Group,debt_records,DBT-2024-026,Blackthorn Industrial LP,0.2625,0.3772,,0.3135,auto_reject
sales_records,SR-1022,Sable Point Group,debt_records,DBT-2024-003,Silverline Capital LLC,0.24,0.4041,,0.3129,auto_reject
sales_records,SR-1022,Sable Point Group,debt_records,DBT-2024-030,Silverline Capital LLC,0.24,0.4041,,0.3129,auto_reject
sales_records,SR-1022,Sable Point Group,debt_records,DBT-2024-008,Northgate Logistics LLC,0.2909,0.34,,0.3127,auto_reject
sales_records,SR-1008,Northgate Logistics,debt_records,DBT-2024-029,Ferngate Multifamily Trust,0.2069,0.4444,,0.3125,auto_reject
sales_records,SR-1026,Willowbrook Residential Partners,debt_records,DBT-2023-017,Coastal Bend Capital,0.3158,0.3077,,0.3122,auto_reject
sales_records,SR-1021,Maple Crest Ventures,debt_records,DBT-2024-015,Grayson Industrial Fund,0.3385,0.2791,,0.3121,auto_reject
sales_records,SR-1010,Cornerstone Retail Fund,debt_records,DBT-2024-021,Hollow Creek Residential,0.2211,0.4255,,0.3119,auto_reject
sales_records,SR-1020,Golden Gate Industrial Trust,debt_records,DBT-2024-029,Ferngate Multifamily Trust,0.0857,0.5926,,0.311,auto_reject
sales_records,SR-1018,Brightline REIT,debt_records,DBT-2024-002,Oakwood Retail Partners Inc,0.3375,0.2771,,0.3107,auto_reject
sales_records,SR-1018,Brightline REIT,debt_records,DBT-2024-022,Palmetto Coast Investors,0.3636,0.2437,,0.3103,auto_reject
sales_records,SR-1026,Willowbrook Residential Partners,debt_records,DBT-2024-020,Steelyard Logistics Fund,0.33,0.2857,,0.3103,auto_reject
sales_records,SR-1009,Delta Ridge Ventures,debt_records,DBT-2024-012,Redwood Multifamily Group LLC,0.3176,0.301,,0.3102,auto_reject
sales_records,SR-1021,Maple Crest Ventures,debt_records,DBT-2024-020,Steelyard Logistics Fund,0.4125,0.1818,,0.31,auto_reject
sales_records,SR-1006,Bluepeak Realty Trust,debt_records,DBT-2024-010,Cornerstone Retail Fund,0.2286,0.4091,,0.3088,auto_reject
sales_records,SR-1018,Brightline REIT,debt_records,DBT-2024-015,Grayson Industrial Fund,0.3714,0.2297,,0.3084,auto_reject
sales_records,SR-1023,Twin Rivers Retail LLC,debt_records,DBT-2024-015,Grayson Industrial Fund,0.3385,0.2708,,0.3084,auto_reject
sales_records,SR-1022,Sable Point Group,debt_records,DBT-2024-028,Copper Basin Ventures,0.3429,0.2632,,0.3075,auto_reject
sales_records,SR-1003,Silverline Capital,debt_records,DBT-2024-019,Amberleaf Retail Trust,0.2333,0.4,,0.3074,auto_reject
sales_records,SR-1007,Ashford Commercial Group,debt_records,DBT-2024-019,Amberleaf Retail Trust,0.24,0.3913,,0.3072,auto_reject
sales_records,SR-1008,Northgate Logistics,debt_records,DBT-2024-020,Steelyard Logistics Fund,0.1059,0.5581,,0.3069,auto_reject
sales_records,SR-1007,Ashford Commercial Group,debt_records,DBT-2024-016,Prairie Wind Multifamily LP,0.2667,0.3569,,0.3068,auto_reject
sales_records,SR-1017,Larkspur Holdings,debt_records,DBT-2024-020,Steelyard Logistics Fund,0.3176,0.2927,,0.3065,auto_reject
sales_records,SR-1026,Willowbrook Residential Partners,debt_records,DBT-2024-024,Quarrystone Partners,0.2133,0.4231,,0.3065,auto_reject
sales_records,SR-1002,Oakwood Retail Partners,debt_records,DBT-2024-007,Ashford Commercial Group,0.2791,0.3404,,0.3063,auto_reject
sales_records,SR-1014,Summit Bay Investors,debt_records,DBT-2024-005,Crestpoint Industrial Partners LLC,0.24,0.3881,,0.3058,auto_reject
sales_records,SR-1027,Bayshore Office Trust,debt_records,DBT-2023-013,Falcon Creek Holdings,0.36,0.2381,,0.3058,auto_reject
sales_records,SR-1026,Willowbrook Residential Partners,debt_records,DBT-2024-025,Windermere Office Fund,0.3429,0.2593,,0.3057,auto_reject
sales_records,SR-1009,Delta Ridge Ventures,debt_records,DBT-2024-027,Sagebrush Retail Holdings,0.3,0.3111,,0.3049,auto_reject
sales_records,SR-1006,Bluepeak Realty Trust,debt_records,DBT-2024-021,Hollow Creek Residential,0.2286,0.4,,0.3048,auto_reject
sales_records,SR-1010,Cornerstone Retail Fund,debt_records,DBT-2024-006,Bluepeak Realty Trust,0.2571,0.3636,,0.3044,auto_reject
sales_records,SR-1029,Ember Ridge Capital,debt_records,DBT-2024-020,Steelyard Logistics Fund,0.3243,0.2791,,0.3042,auto_reject
sales_records,SR-1013,Vantage Point Capital,debt_records,DBT-2024-005,Crestpoint Industrial Partners LLC,0.2118,0.4188,,0.3038,auto_reject
sales_records,SR-1010,Cornerstone Retail Fund,debt_records,DBT-2024-027,Sagebrush Retail Holdings,0.18,0.4583,,0.3037,auto_reject
sales_records,SR-1023,Twin Rivers Retail LLC,debt_records,DBT-2024-011,Pinnacle Office Trust,0.3097,0.2962,,0.3037,auto_reject
sales_records,SR-1007,Ashford Commercial Group,debt_records,DBT-2023-017,Coastal Bend Capital,0.2545,0.3636,,0.303,auto_reject
sales_records,SR-1003,Silverline Capital,debt_records,DBT-2024-021,Hollow Creek Residential,0.3158,0.2857,,0.3024,auto_reject
sales_records,SR-1012,Redwood Multifamily Group,debt_records,DBT-2024-021,Hollow Creek Residential,0.3158,0.2857,,0.3024,auto_reject
sales_records,SR-1027,Bayshore Office Trust,debt_records,DBT-2024-027,Sagebrush Retail Holdings,0.3692,0.2174,,0.3017,auto_reject
sales_records,SR-1002,Oakwood Retail Partners,debt_records,DBT-2024-022,Palmetto Coast Investors,0.3724,0.2128,,0.3015,auto_reject
sales_records,SR-1007,Ashford Commercial Group,debt_records,DBT-2024-020,Steelyard Logistics Fund,0.3086,0.2917,,0.3011,auto_reject
sales_records,SR-1011,Pinnacle Office Trust,debt_records,DBT-2024-015,Grayson Industrial Fund,0.36,0.2273,,0.301,auto_reject
sales_records,SR-1027,Bayshore Office Trust,debt_records,DBT-2024-022,Palmetto Coast Investors,0.3636,0.2222,,0.3008,auto_reject
sales_records,SR-1025,Copperfield Industrial,debt_records,DBT-2024-028,Copper Basin Ventures,0.1297,0.5116,,0.2994,auto_reject
sales_records,SR-1001,Meridian Property Group,debt_records,DBT-2024-012,Redwood Multifamily Group LLC,0.2154,0.4038,,0.2991,auto_reject
sales_records,SR-1021,Maple Crest Ventures,debt_records,DBT-2024-002,Oakwood Retail Partners Inc,0.331,0.2587,,0.2989,auto_reject
sales_records,SR-1023,Twin Rivers Retail LLC,debt_records,DBT-2023-017,Coastal Bend Capital,0.32,0.2722,,0.2988,auto_reject
sales_records,SR-1011,Pinnacle Office Trust,debt_records,DBT-2024-029,Ferngate Multifamily Trust,0.1286,0.5106,,0.2984,auto_reject
sales_records,SR-1020,Golden Gate Industrial Trust,debt_records,DBT-2024-027,Sagebrush Retail Holdings,0.3243,0.2642,,0.2976,auto_reject
sales_records,SR-1021,Maple Crest Ventures,debt_records,DBT-2024-005,Crestpoint Industrial Partners LLC,0.1935,0.427,,0.2973,auto_reject
sales_records,SR-1007,Ashford Commercial Group,debt_records,DBT-2024-015,Grayson Industrial Fund,0.2286,0.383,,0.2972,auto_reject
sales_records,SR-1026,Willowbrook Residential Partners,debt_records,DBT-2024-007,Ashford Commercial Group,0.2769,0.3214,,0.2967,auto_reject
sales_records,SR-1022,Sable Point Group,debt_records,DBT-2024-021,Hollow Creek Residential,0.3771,0.1951,,0.2962,auto_reject
sales_records,SR-1025,Copperfield Industrial,debt_records,DBT-2024-019,Amberleaf Retail Trust,0.2057,0.4091,,0.2961,auto_reject
sales_records,SR-1006,Bluepeak Realty Trust,debt_records,DBT-2024-002,Oakwood Retail Partners Inc,0.1946,0.4227,,0.296,auto_reject
sales_records,SR-1013,Vantage Point Capital,debt_records,DBT-2024-016,Prairie Wind Multifamily LP,0.2333,0.3733,,0.2955,auto_reject
sales_records,SR-1021,Maple Crest Ventures,debt_records,DBT-2024-001,Meridian Properties LLC,0.24,0.3642,,0.2952,auto_reject
sales_records,SR-1006,Bluepeak Realty Trust,debt_records,DBT-2024-027,Sagebrush Retail Holdings,0.2182,0.3913,,0.2951,auto_reject
sales_records,SR-1019,Foundry Square Partners,debt_records,DBT-2024-009,Delta Ridge Ventures LLC,0.3871,0.1797,,0.2949,auto_reject
sales_records,SR-1025,Copperfield Industrial,debt_records,DBT-2024-001,Meridian Properties LLC,0.2526,0.3471,,0.2946,auto_reject
sales_records,SR-1023,Twin Rivers Retail LLC,debt_records,DBT-2024-003,Silverline Capital LLC,0.1412,0.4848,,0.2939,auto_reject
sales_records,SR-1023,Twin Rivers Retail LLC,debt_records,DBT-2024-030,Silverline Capital LLC,0.1412,0.4848,,0.2939,auto_reject
sales_records,SR-1013,Vantage Point Capital,debt_records,DBT-2024-008,Northgate Logistics LLC,0.2057,0.4036,,0.2937,auto_reject
sales_records,SR-1029,Ember Ridge Capital,debt_records,DBT-2024-016,Prairie Wind Multifamily LP,0.2526,0.345,,0.2937,auto_reject
sales_records,SR-1005,Crestpoint Industrial Partners,debt_records,DBT-2024-029,Ferngate Multifamily Trust,0.3,0.2857,,0.2936,auto_reject
sales_records,SR-1008,Northgate Logistics,debt_records,DBT-2024-010,Cornerstone Retail Fund,0.3,0.2857,,0.2936,auto_reject
sales_records,SR-1027,Bayshore Office Trust,debt_records,DBT-2024-009,Delta Ridge Ventures LLC,0.3636,0.206,,0.2936,auto_reject
sales_records,SR-1019,Foundry Square Partners,debt_records,DBT-2024-026,Blackthorn Industrial LP,0.3375,0.2385,,0.2935,auto_reject
sales_records,SR-1006,Bluepeak Realty Trust,debt_records,DBT-2024-011,Pinnacle Office Trust,0.1846,0.4286,,0.293,auto_reject
sales_records,SR-1011,Pinnacle Office Trust,debt_records,DBT-2024-006,Bluepeak Realty Trust,0.1846,0.4286,,0.293,auto_reject
sales_records,SR-1007,Ashford Commercial Group,debt_records,DBT-2024-021,Hollow Creek Residential,0.227,0.375,,0.2928,auto_reject
sales_records,SR-1011,Pinnacle Office Trust,debt_records,DBT-2024-008,Northgate Logistics LLC,0.2182,0.3855,,0.2926,auto_reject
sales_records,SR-1019,Foundry Square Partners,debt_records,DBT-2024-028,Copper Basin Ventures,0.3429,0.2273,,0.2915,auto_reject
sales_records,SR-1011,Pinnacle Office Trust,debt_records,DBT-2024-002,Oakwood Retail Partners Inc,0.36,0.203,,0.2902,auto_reject
sales_records,SR-1022,Sable Point Group,debt_records,DBT-2024-020,Steelyard Logistics Fund,0.3273,0.2439,,0.2902,auto_reject
sales_records,SR-1002,Oakwood Retail Partners,debt_records,DBT-2024-006,Bluepeak Realty Trust,0.1946,0.4091,,0.2899,auto_reject
sales_records,SR-1022,Sable Point Group,debt_records,DBT-2024-005,Crestpoint Industrial Partners LLC,0.225,0.371,,0.2899,auto_reject
sales_records,SR-1025,Copperfield Industrial,debt_records,DBT-2024-024,Quarrystone Partners,0.33,0.2381,,0.2892,auto_reject
sales_records,SR-1013,Vantage Point Capital,debt_records,DBT-2024-027,Sagebrush Retail Holdings,0.2769,0.3043,,0.2891,auto_reject
sales_records,SR-1027,Bayshore Office Trust,debt_records,DBT-2024-028,Copper Basin Ventures,0.2919,0.2857,,0.2891,auto_reject
sales_records,SR-1028,Stonebridge Retail Group,debt_records,DBT-2024-020,Steelyard Logistics Fund,0.3529,0.2083,,0.2886,auto_reject
sales_records,SR-1011,Pinnacle Office Trust,debt_records,DBT-2024-021,Hollow Creek Residential,0.3771,0.1778,,0.2885,auto_reject
sales_records,SR-1007,Ashford Commercial Group,debt_records,DBT-2023-013,Falcon Creek Holdings,0.27,0.3111,,0.2883,auto_reject
sales_records,SR-1005,Crestpoint Industrial Partners,debt_records,DBT-2024-016,Prairie Wind Multifamily LP,0.1765,0.4269,,0.2878,auto_reject
sales_records,SR-1027,Bayshore Office Trust,debt_records,DBT-2023-017,Coastal Bend Capital,0.4,0.1463,,0.2872,auto_reject
sales_records,SR-1025,Copperfield Industrial,debt_records,DBT-2023-013,Falcon Creek Holdings,0.18,0.4186,,0.286,auto_reject
sales_records,SR-1019,Foundry Square Partners,debt_records,DBT-2024-016,Prairie Wind Multifamily LP,0.3882,0.1566,,0.2853,auto_reject
sales_records,SR-1007,Ashford Commercial Group,debt_records,DBT-2024-001,Meridian Properties LLC,0.1895,0.4044,,0.285,auto_reject
sales_records,SR-1019,Foundry Square Partners,debt_records,DBT-2024-008,Northgate Logistics LLC,0.2545,0.3217,,0.2844,auto_reject
sales_records,SR-1006,Bluepeak Realty Trust,debt_records,DBT-2024-029,Ferngate Multifamily Trust,0.1714,0.4255,,0.2843,auto_reject
sales_records,SR-1020,Golden Gate Industrial Trust,debt_records,DBT-2023-013,Falcon Creek Holdings,0.3158,0.2449,,0.2843,auto_reject
sales_records,SR-1025,Copperfield Industrial,debt_records,DBT-2024-011,Pinnacle Office Trust,0.1765,0.4186,,0.2841,auto_reject
sales_records,SR-1007,Ashford Commercial Group,debt_records,DBT-2024-002,Oakwood Retail Partners Inc,0.3,0.263,,0.2836,auto_reject
sales_records,SR-1026,Willowbrook Residential Partners,debt_records,DBT-2024-016,Prairie Wind Multifamily LP,0.2927,0.272,,0.2835,auto_reject
sales_records,SR-1014,Summit Bay Investors,debt_records,DBT-2024-003,Silverline Capital LLC,0.3474,0.2025,,0.283,auto_reject
sales_records,SR-1014,Summit Bay Investors,debt_records,DBT-2024-030,Silverline Capital LLC,0.3474,0.2025,,0.283,auto_reject
sales_records,SR-1023,Twin Rivers Retail LLC,debt_records,DBT-2024-001,Meridian Properties LLC,0.1714,0.4226,,0.283,auto_reject
sales_records,SR-1007,Ashford Commercial Group,debt_records,DBT-2024-027,Sagebrush Retail Holdings,0.2154,0.3673,,0.2829,auto_reject
sales_records,SR-1001,Meridian Property Group,debt_records,DBT-2024-019,Amberleaf Retail Trust,0.2595,0.3111,,0.2824,auto_reject
sales_records,SR-1028,Stonebridge Retail Group,debt_records,DBT-2024-022,Palmetto Coast Investors,0.375,0.1667,,0.2824,auto_reject
sales_records,SR-1029,Ember Ridge Capital,debt_records,DBT-2024-028,Copper Basin Ventures,0.3077,0.25,,0.2821,auto_reject
sales_records,SR-1021,Maple Crest Ventures,debt_records,DBT-2024-010,Cornerstone Retail Fund,0.2471,0.3256,,0.282,auto_reject
sales_records,SR-1017,Larkspur Holdings,debt_records,DBT-2024-027,Sagebrush Retail Holdings,0.1263,0.4762,,0.2818,auto_reject
sales_records,SR-1028,Stonebridge Retail Group,debt_records,DBT-2024-024,Quarrystone Partners,0.2154,0.3636,,0.2813,auto_reject
sales_records,SR-1030,Marlin Bay Partners,debt_records,DBT-2024-003,Silverline Capital LLC,0.1895,0.396,,0.2813,auto_reject
sales_records,SR-1030,Marlin Bay Partners,debt_records,DBT-2024-030,Silverline Capital LLC,0.1895,0.396,,0.2813,auto_reject
sales_records,SR-1001,Meridian Property Group,debt_records,DBT-2024-014,Union Pacific Retail Partners,0.2595,0.3077,,0.2809,auto_reject
sales_records,SR-1010,Cornerstone Retail Fund,debt_records,DBT-2024-016,Prairie Wind Multifamily LP,0.227,0.3483,,0.2809,auto_reject
sales_records,SR-1002,Oakwood Retail Partners,debt_records,DBT-2024-011,Pinnacle Office Trust,0.36,0.1818,,0.2808,auto_reject
sales_records,SR-1029,Ember Ridge Capital,debt_records,DBT-2024-026,Blackthorn Industrial LP,0.2333,0.3402,,0.2808,auto_reject
sales_records,SR-1011,Pinnacle Office Trust,debt_records,DBT-2024-020,Steelyard Logistics Fund,0.3273,0.2222,,0.2806,auto_reject
sales_records,SR-1020,Golden Gate Industrial Trust,debt_records,DBT-2024-025,Windermere Office Fund,0.3771,0.16,,0.2806,auto_reject
sales_records,SR-1010,Cornerstone Retail Fund,debt_records,DBT-2024-003,Silverline Capital LLC,0.1895,0.3941,,0.2804,auto_reject
sales_records,SR-1010,Cornerstone Retail Fund,debt_records,DBT-2024-030,Silverline Capital LLC,0.1895,0.3941,,0.2804,auto_reject
sales_records,SR-1015,Ironwood Development Co,debt_records,DBT-2024-008,Northgate Logistics LLC,0.2842,0.2756,,0.2804,auto_reject
sales_records,SR-1020,Golden Gate Industrial Trust,debt_records,DBT-2024-028,Copper Basin Ventures,0.3086,0.2449,,0.2803,auto_reject
sales_records,SR-1028,Stonebridge Retail Group,debt_records,DBT-2024-003,Silverline Capital LLC,0.2333,0.3391,,0.2803,auto_reject
sales_records,SR-1028,Stonebridge Retail Group,debt_records,DBT-2024-030,Silverline Capital LLC,0.2333,0.3391,,0.2803,auto_reject
sales_records,SR-1018,Brightline REIT,debt_records,DBT-2024-003,Silverline Capital LLC,0.1946,0.3873,,0.2802,auto_reject
sales_records,SR-1018,Brightline REIT,debt_records,DBT-2024-030,Silverline Capital LLC,0.1946,0.3873,,0.2802,auto_reject
sales_records,SR-1013,Vantage Point Capital,debt_records,DBT-2024-022,Palmetto Coast Investors,0.2545,0.3111,,0.2797,auto_reject
sales_records,SR-1017,Larkspur Holdings,debt_records,DBT-2024-015,Grayson Industrial Fund,0.2634,0.3,,0.2797,auto_reject
sales_records,SR-1001,Meridian Property Group,debt_records,DBT-2024-024,Quarrystone Partners,0.4286,0.093,,0.2794,auto_reject
sales_records,SR-1005,Crestpoint Industrial Partners,debt_records,DBT-2024-021,Hollow Creek Residential,0.2057,0.3704,,0.2789,auto_reject
sales_records,SR-1008,Northgate Logistics,debt_records,DBT-2024-011,Pinnacle Office Trust,0.1818,0.4,,0.2788,auto_reject
sales_records,SR-1003,Silverline Capital,debt_records,DBT-2024-010,Cornerstone Retail Fund,0.1895,0.3902,,0.2787,auto_reject
sales_records,SR-1014,Summit Bay Investors,debt_records,DBT-2024-028,Copper Basin Ventures,0.1895,0.3902,,0.2787,auto_reject
sales_records,SR-1010,Cornerstone Retail Fund,debt_records,DBT-2024-008,Northgate Logistics LLC,0.2667,0.2932,,0.2785,auto_reject
sales_records,SR-1020,Golden Gate Industrial Trust,debt_records,DBT-2024-012,Redwood Multifamily Group LLC,0.3429,0.1974,,0.2782,auto_reject
sales_records,SR-1019,Foundry Square Partners,debt_records,DBT-2024-015,Grayson Industrial Fund,0.36,0.1739,,0.2773,auto_reject
sales_records,SR-1017,Larkspur Holdings,debt_records,DBT-2024-016,Prairie Wind Multifamily LP,0.3086,0.2373,,0.2769,auto_reject
sales_records,SR-1017,Larkspur Holdings,debt_records,DBT-2024-022,Palmetto Coast Investors,0.225,0.3415,,0.2768,auto_reject
sales_records,SR-1012,Redwood Multifamily Group,debt_records,DBT-2023-013,Falcon Creek Holdings,0.322,0.2174,,0.2755,auto_reject
sales_records,SR-1010,Cornerstone Retail Fund,debt_records,DBT-2023-013,Falcon Creek Holdings,0.2049,0.3636,,0.2754,auto_reject
sales_records,SR-1012,Redwood Multifamily Group,debt_records,DBT-2023-017,Coastal Bend Capital,0.3529,0.1778,,0.2751,auto_reject
sales_records,SR-1001,Meridian Property Group,debt_records,DBT-2024-006,Bluepeak Realty Trust,0.1674,0.4091,,0.2748,auto_reject
sales_records,SR-1027,Bayshore Office Trust,debt_records,DBT-2024-029,Ferngate Multifamily Trust,0.12,0.4681,,0.2747,auto_reject
sales_records,SR-1009,Delta Ridge Ventures,debt_records,DBT-2024-015,Grayson Industrial Fund,0.3077,0.2326,,0.2743,auto_reject
sales_records,SR-1011,Pinnacle Office Trust,debt_records,DBT-2023-013,Falcon Creek Holdings,0.3789,0.1429,,0.274,auto_reject
sales_records,SR-1029,Ember Ridge Capital,debt_records,DBT-2024-007,Ashford Commercial Group,0.2694,0.2791,,0.2737,auto_reject
sales_records,SR-1020,Golden Gate Industrial Trust,debt_records,DBT-2024-010,Cornerstone Retail Fund,0.24,0.3137,,0.2728,auto_reject
sales_records,SR-1009,Delta Ridge Ventures,debt_records,DBT-2024-007,Ashford Commercial Group,0.2727,0.2727,,0.2727,auto_reject
sales_records,SR-1021,Maple Crest Ventures,debt_records,DBT-2024-007,Ashford Commercial Group,0.2727,0.2727,,0.2727,auto_reject
sales_records,SR-1029,Ember Ridge Capital,debt_records,DBT-2024-010,Cornerstone Retail Fund,0.1846,0.381,,0.2719,auto_reject
sales_records,SR-1022,Sable Point Group,debt_records,DBT-2024-001,Meridian Properties LLC,0.2333,0.32,,0.2718,auto_reject
sales_records,SR-1029,Ember Ridge Capital,debt_records,DBT-2024-014,Union Pacific Retail Partners,0.3892,0.125,,0.2718,auto_reject
sales_records,SR-1026,Willowbrook Residential Partners,debt_records,DBT-2024-011,Pinnacle Office Trust,0.3077,0.2264,,0.2716,auto_reject
sales_records,SR-1005,Crestpoint Industrial Partners,debt_records,DBT-2023-017,Coastal Bend Capital,0.2323,0.32,,0.2713,auto_reject
sales_records,SR-1007,Ashford Commercial Group,debt_records,DBT-2024-022,Palmetto Coast Investors,0.2545,0.2917,,0.271,auto_reject
sales_records,SR-1009,Delta Ridge Ventures,debt_records,DBT-2024-001,Meridian Properties LLC,0.1714,0.395,,0.2708,auto_reject
sales_records,SR-1017,Larkspur Holdings,debt_records,DBT-2024-024,Quarrystone Partners,0.1846,0.3784,,0.2707,auto_reject
sales_records,SR-1020,Golden Gate Industrial Trust,debt_records,DBT-2024-003,Silverline Capital LLC,0.1714,0.3948,,0.2707,auto_reject
sales_records,SR-1020,Golden Gate Industrial Trust,debt_records,DBT-2024-030,Silverline Capital LLC,0.1714,0.3948,,0.2707,auto_reject
sales_records,SR-1026,Willowbrook Residential Partners,debt_records,DBT-2024-022,Palmetto Coast Investors,0.3158,0.2143,,0.2707,auto_reject
sales_records,SR-1003,Silverline Capital,debt_records,DBT-2024-011,Pinnacle Office Trust,0.24,0.3077,,0.2701,auto_reject
sales_records,SR-1019,Foundry Square Partners,debt_records,DBT-2024-025,Windermere Office Fund,0.3429,0.1778,,0.2695,auto_reject
sales_records,SR-1010,Cornerstone Retail Fund,debt_records,DBT-2024-022,Palmetto Coast Investors,0.2118,0.3404,,0.269,auto_reject
sales_records,SR-1023,Twin Rivers Retail LLC,debt_records,DBT-2024-005,Crestpoint Industrial Partners LLC,0.1548,0.4107,,0.2685,auto_reject
sales_records,SR-1014,Summit Bay Investors,debt_records,DBT-2024-001,Meridian Properties LLC,0.2462,0.2962,,0.2684,auto_reject
sales_records,SR-1008,Northgate Logistics,debt_records,DBT-2024-014,Union Pacific Retail Partners,0.2824,0.25,,0.268,auto_reject
sales_records,SR-1009,Delta Ridge Ventures,debt_records,DBT-2024-020,Steelyard Logistics Fund,0.3,0.2273,,0.2677,auto_reject
sales_records,SR-1010,Cornerstone Retail Fund,debt_records,DBT-2024-028,Copper Basin Ventures,0.1895,0.3636,,0.2669,auto_reject
sales_records,SR-1021,Maple Crest Ventures,debt_records,DBT-2023-017,Coastal Bend Capital,0.36,0.15,,0.2667,auto_reject
sales_records,SR-1007,Ashford Commercial Group,debt_records,DBT-2024-026,Blackthorn Industrial LP,0.1412,0.4233,,0.2666,auto_reject
sales_records,SR-1027,Bayshore Office Trust,debt_records,DBT-2024-008,Northgate Logistics LLC,0.1714,0.3855,,0.2666,auto_reject
sales_records,SR-1010,Cornerstone Retail Fund,debt_records,DBT-2024-012,Redwood Multifamily Group LLC,0.2211,0.3231,,0.2664,auto_reject
sales_records,SR-1013,Vantage Point Capital,debt_records,DBT-2024-011,Pinnacle Office Trust,0.2118,0.3333,,0.2658,auto_reject
sales_records,SR-1012,Redwood Multifamily Group,debt_records,DBT-2024-006,Bluepeak Realty Trust,0.2,0.3478,,0.2657,auto_reject
sales_records,SR-1015,Ironwood Development Co,debt_records,DBT-2024-012,Redwood Multifamily Group LLC,0.15,0.4092,,0.2652,auto_reject
sales_records,SR-1013,Vantage Point Capital,debt_records,DBT-2023-013,Falcon Creek Holdings,0.21,0.3333,,0.2648,auto_reject
sales_records,SR-1026,Willowbrook Residential Partners,debt_records,DBT-2024-009,Delta Ridge Ventures LLC,0.3158,0.2011,,0.2648,auto_reject
sales_records,SR-1025,Copperfield Industrial,debt_records,DBT-2024-010,Cornerstone Retail Fund,0.227,0.3111,,0.2644,auto_reject
sales_records,SR-1028,Stonebridge Retail Group,debt_records,DBT-2024-028,Copper Basin Ventures,0.3333,0.1778,,0.2642,auto_reject
sales_records,SR-1015,Ironwood Development Co,debt_records,DBT-2024-010,Cornerstone Retail Fund,0.33,0.1812,,0.2639,auto_reject
sales_records,SR-1003,Silverline Capital,debt_records,DBT-2024-006,Bluepeak Realty Trust,0.2286,0.3077,,0.2638,auto_reject
sales_records,SR-1026,Willowbrook Residential Partners,debt_records,DBT-2023-013,Falcon Creek Holdings,0.2933,0.2264,,0.2636,auto_reject
sales_records,SR-1013,Vantage Point Capital,debt_records,DBT-2024-009,Delta Ridge Ventures LLC,0.1818,0.3649,,0.2632,auto_reject
sales_records,SR-1008,Northgate Logistics,debt_records,DBT-2024-025,Windermere Office Fund,0.2,0.3415,,0.2629,auto_reject
sales_records,SR-1017,Larkspur Holdings,debt_records,DBT-2024-026,Blackthorn Industrial LP,0.1455,0.4087,,0.2625,auto_reject
sales_records,SR-1030,Marlin Bay Partners,debt_records,DBT-2024-022,Palmetto Coast Investors,0.2118,0.3256,,0.2624,auto_reject
sales_records,SR-1027,Bayshore Office Trust,debt_records,DBT-2024-024,Quarrystone Partners,0.12,0.439,,0.2618,auto_reject
sales_records,SR-1028,Stonebridge Retail Group,debt_records,DBT-2024-011,Pinnacle Office Trust,0.4,0.0889,,0.2617,auto_reject
sales_records,SR-1007,Ashford Commercial Group,debt_records,DBT-2024-025,Windermere Office Fund,0.227,0.3043,,0.2614,auto_reject
sales_records,SR-1023,Twin Rivers Retail LLC,debt_records,DBT-2024-007,Ashford Commercial Group,0.2727,0.2472,,0.2614,auto_reject
sales_records,SR-1008,Northgate Logistics,debt_records,DBT-2024-006,Bluepeak Realty Trust,0.27,0.25,,0.2611,auto_reject
sales_records,SR-1010,Cornerstone Retail Fund,debt_records,DBT-2024-026,Blackthorn Industrial LP,0.1371,0.4157,,0.2609,auto_reject
sales_records,SR-1006,Bluepeak Realty Trust,debt_records,DBT-2024-012,Redwood Multifamily Group LLC,0.2,0.3367,,0.2608,auto_reject
sales_records,SR-1030,Marlin Bay Partners,debt_records,DBT-2024-028,Copper Basin Ventures,0.1895,0.35,,0.2608,auto_reject
sales_records,SR-1002,Oakwood Retail Partners,debt_records,DBT-2024-001,Meridian Properties LLC,0.2118,0.3217,,0.2606,auto_reject
sales_records,SR-1009,Delta Ridge Ventures,debt_records,DBT-2024-016,Prairie Wind Multifamily LP,0.2909,0.2215,,0.2601,auto_reject
sales_records,SR-1007,Ashford Commercial Group,debt_records,DBT-2024-010,Cornerstone Retail Fund,0.1946,0.3404,,0.2594,auto_reject
sales_records,SR-1021,Maple Crest Ventures,debt_records,DBT-2024-024,Quarrystone Partners,0.227,0.3,,0.2594,auto_reject
sales_records,SR-1013,Vantage Point Capital,debt_records,DBT-2024-014,Union Pacific Retail Partners,0.2743,0.24,,0.2591,auto_reject
sales_records,SR-1018,Brightline REIT,debt_records,DBT-2024-024,Quarrystone Partners,0.21,0.32,,0.2589,auto_reject
sales_records,SR-1007,Ashford Commercial Group,debt_records,DBT-2024-003,Silverline Capital LLC,0.1946,0.3391,,0.2588,auto_reject
sales_records,SR-1007,Ashford Commercial Group,debt_records,DBT-2024-030,Silverline Capital LLC,0.1946,0.3391,,0.2588,auto_reject
sales_records,SR-1026,Willowbrook Residential Partners,debt_records,DBT-2024-028,Copper Basin Ventures,0.3143,0.1887,,0.2585,auto_reject
sales_records,SR-1019,Foundry Square Partners,debt_records,DBT-2024-006,Bluepeak Realty Trust,0.2462,0.2727,,0.258,auto_reject
sales_records,SR-1027,Bayshore Office Trust,debt_records,DBT-2024-003,Silverline Capital LLC,0.227,0.2962,,0.2578,auto_reject
sales_records,SR-1027,Bayshore Office Trust,debt_records,DBT-2024-030,Silverline Capital LLC,0.227,0.2962,,0.2578,auto_reject
sales_records,SR-1030,Marlin Bay Partners,debt_records,DBT-2023-017,Coastal Bend Capital,0.1765,0.359,,0.2576,auto_reject
sales_records,SR-1019,Foundry Square Partners,debt_records,DBT-2024-020,Steelyard Logistics Fund,0.3273,0.1702,,0.2575,auto_reject
sales_records,SR-1013,Vantage Point Capital,debt_records,DBT-2024-019,Amberleaf Retail Trust,0.24,0.2791,,0.2574,auto_reject
sales_records,SR-1029,Ember Ridge Capital,debt_records,DBT-2023-013,Falcon Creek Holdings,0.3429,0.15,,0.2572,auto_reject
sales_records,SR-1013,Vantage Point Capital,debt_records,DBT-2024-002,Oakwood Retail Partners Inc,0.225,0.297,,0.257,auto_reject
sales_records,SR-1019,Foundry Square Partners,debt_records,DBT-2024-003,Silverline Capital LLC,0.2743,0.2352,,0.2569,auto_reject
sales_records,SR-1019,Foundry Square Partners,debt_records,DBT-2024-030,Silverline Capital LLC,0.2743,0.2352,,0.2569,auto_reject
sales_records,SR-1006,Bluepeak Realty Trust,debt_records,DBT-2024-009,Delta Ridge Ventures LLC,0.1895,0.3408,,0.2567,auto_reject
sales_records,SR-1029,Ember Ridge Capital,debt_records,DBT-2024-012,Redwood Multifamily Group LLC,0.3077,0.1924,,0.2565,auto_reject
sales_records,SR-1015,Ironwood Development Co,debt_records,DBT-2024-003,Silverline Capital LLC,0.21,0.3139,,0.2562,auto_reject
sales_records,SR-1015,Ironwood Development Co,debt_records,DBT-2024-030,Silverline Capital LLC,0.21,0.3139,,0.2562,auto_reject
sales_records,SR-1027,Bayshore Office Trust,debt_records,DBT-2024-012,Redwood Multifamily Group LLC,0.2919,0.2104,,0.2557,auto_reject
sales_records,SR-1007,Ashford Commercial Group,debt_records,DBT-2024-006,Bluepeak Realty Trust,0.1756,0.3556,,0.2556,auto_reject
sales_records,SR-1025,Copperfield Industrial,debt_records,DBT-2024-022,Palmetto Coast Investors,0.1818,0.3478,,0.2556,auto_reject
sales_records,SR-1026,Willowbrook Residential Partners,debt_records,DBT-2024-015,Grayson Industrial Fund,0.2553,0.2545,,0.2549,auto_reject
sales_records,SR-1026,Willowbrook Residential Partners,debt_records,DBT-2024-006,Bluepeak Realty Trust,0.1565,0.3774,,0.2547,auto_reject
sales_records,SR-1003,Silverline Capital,debt_records,DBT-2024-015,Grayson Industrial Fund,0.2233,0.2927,,0.2541,auto_reject
sales_records,SR-1019,Foundry Square Partners,debt_records,DBT-2024-001,Meridian Properties LLC,0.2,0.3217,,0.2541,auto_reject
sales_records,SR-1005,Crestpoint Industrial Partners,debt_records,DBT-2024-008,Northgate Logistics LLC,0.2545,0.2526,,0.2537,auto_reject
sales_records,SR-1012,Redwood Multifamily Group,debt_records,DBT-2024-010,Cornerstone Retail Fund,0.1895,0.3333,,0.2534,auto_reject
sales_records,SR-1018,Brightline REIT,debt_records,DBT-2024-008,Northgate Logistics LLC,0.2057,0.3129,,0.2533,auto_reject
sales_records,SR-1007,Ashford Commercial Group,debt_records,DBT-2024-014,Union Pacific Retail Partners,0.2743,0.2264,,0.253,auto_reject
sales_records,SR-1021,Maple Crest Ventures,debt_records,DBT-2024-006,Bluepeak Realty Trust,0.2211,0.2927,,0.2529,auto_reject
sales_records,SR-1021,Maple Crest Ventures,debt_records,DBT-2024-012,Redwood Multifamily Group LLC,0.2824,0.215,,0.2524,auto_reject
sales_records,SR-1018,Brightline REIT,debt_records,DBT-2024-001,Meridian Properties LLC,0.2211,0.2911,,0.2522,auto_reject
sales_records,SR-1006,Bluepeak Realty Trust,debt_records,DBT-2023-013,Falcon Creek Holdings,0.1867,0.3333,,0.2519,auto_reject
sales_records,SR-1028,Stonebridge Retail Group,debt_records,DBT-2024-026,Blackthorn Industrial LP,0.2182,0.2933,,0.2516,auto_reject
sales_records,SR-1017,Larkspur Holdings,debt_records,DBT-2024-009,Delta Ridge Ventures LLC,0.1875,0.3312,,0.2514,auto_reject
sales_records,SR-1005,Crestpoint Industrial Partners,debt_records,DBT-2024-022,Palmetto Coast Investors,0.1548,0.3704,,0.2506,auto_reject
sales_records,SR-1001,Meridian Property Group,debt_records,DBT-2024-021,Hollow Creek Residential,0.2462,0.2553,,0.2502,auto_reject
sales_records,SR-1006,Bluepeak Realty Trust,debt_records,DBT-2024-026,Blackthorn Industrial LP,0.1538,0.3708,,0.2502,auto_reject
sales_records,SR-1013,Vantage Point Capital,debt_records,DBT-2024-025,Windermere Office Fund,0.227,0.2791,,0.2502,auto_reject
sales_records,SR-1025,Copperfield Industrial,debt_records,DBT-2024-027,Sagebrush Retail Holdings,0.2462,0.2553,,0.2502,auto_reject
sales_records,SR-1018,Brightline REIT,debt_records,DBT-2024-012,Redwood Multifamily Group LLC,0.3243,0.1574,,0.2501,auto_reject
sales_records,SR-1012,Redwood Multifamily Group,debt_records,DBT-2024-025,Windermere Office Fund,0.3474,0.1277,,0.2498,auto_reject
sales_records,SR-1025,Copperfield Industrial,debt_records,DBT-2024-020,Steelyard Logistics Fund,0.1714,0.3478,,0.2498,auto_reject
sales_records,SR-1028,Stonebridge Retail Group,debt_records,DBT-2024-001,Meridian Properties LLC,0.1622,0.3594,,0.2498,auto_reject
sales_records,SR-1012,Redwood Multifamily Group,debt_records,DBT-2024-028,Copper Basin Ventures,0.3789,0.087,,0.2492,auto_reject
sales_records,SR-1006,Bluepeak Realty Trust,debt_records,DBT-2024-024,Quarrystone Partners,0.2133,0.2927,,0.2486,auto_reject
sales_records,SR-1029,Ember Ridge Capital,debt_records,DBT-2024-006,Bluepeak Realty Trust,0.1674,0.35,,0.2486,auto_reject
sales_records,SR-1012,Redwood Multifamily Group,debt_records,DBT-2024-011,Pinnacle Office Trust,0.3429,0.1304,,0.2485,auto_reject
sales_records,SR-1005,Crestpoint Industrial Partners,debt_records,DBT-2024-003,Silverline Capital LLC,0.24,0.2577,,0.2479,auto_reject
sales_records,SR-1005,Crestpoint Industrial Partners,debt_records,DBT-2024-030,Silverline Capital LLC,0.24,0.2577,,0.2479,auto_reject
sales_records,SR-1008,Northgate Logistics,debt_records,DBT-2024-019,Amberleaf Retail Trust,0.2118,0.2927,,0.2478,auto_reject
sales_records,SR-1023,Twin Rivers Retail LLC,debt_records,DBT-2024-024,Quarrystone Partners,0.1622,0.3544,,0.2476,auto_reject
sales_records,SR-1030,Marlin Bay Partners,debt_records,DBT-2024-011,Pinnacle Office Trust,0.2057,0.3,,0.2476,auto_reject
sales_records,SR-1019,Foundry Square Partners,debt_records,DBT-2024-007,Ashford Commercial Group,0.24,0.2553,,0.2468,auto_reject
sales_records,SR-1015,Ironwood Development Co,debt_records,DBT-2024-002,Oakwood Retail Partners Inc,0.1371,0.3833,,0.2465,auto_reject
sales_records,SR-1030,Marlin Bay Partners,debt_records,DBT-2024-016,Prairie Wind Multifamily LP,0.1622,0.3519,,0.2465,auto_reject
sales_records,SR-1007,Ashford Commercial Group,debt_records,DBT-2024-005,Crestpoint Industrial Partners LLC,0.2118,0.2881,,0.2457,auto_reject
sales_records,SR-1013,Vantage Point Capital,debt_records,DBT-2024-010,Cornerstone Retail Fund,0.2595,0.2273,,0.2452,auto_reject
sales_records,SR-1006,Bluepeak Realty Trust,debt_records,DBT-2024-003,Silverline Capital LLC,0.2286,0.2655,,0.245,auto_reject
sales_records,SR-1006,Bluepeak Realty Trust,debt_records,DBT-2024-030,Silverline Capital LLC,0.2286,0.2655,,0.245,auto_reject
sales_records,SR-1012,Redwood Multifamily Group,debt_records,DBT-2024-015,Grayson Industrial Fund,0.307,0.1667,,0.2446,auto_reject
sales_records,SR-1030,Marlin Bay Partners,debt_records,DBT-2024-019,Amberleaf Retail Trust,0.1667,0.3415,,0.2444,auto_reject
sales_records,SR-1014,Summit Bay Investors,debt_records,DBT-2024-009,Delta Ridge Ventures LLC,0.2471,0.2409,,0.2443,auto_reject
sales_records,SR-1003,Silverline Capital,debt_records,DBT-2023-013,Falcon Creek Holdings,0.2341,0.2564,,0.244,auto_reject
sales_records,SR-1001,Meridian Property Group,debt_records,DBT-2024-027,Sagebrush Retail Holdings,0.2049,0.2917,,0.2435,auto_reject
sales_records,SR-1006,Bluepeak Realty Trust,debt_records,DBT-2024-022,Palmetto Coast Investors,0.1895,0.3111,,0.2435,auto_reject
sales_records,SR-1029,Ember Ridge Capital,debt_records,DBT-2024-001,Meridian Properties LLC,0.18,0.3228,,0.2435,auto_reject
sales_records,SR-1006,Bluepeak Realty Trust,debt_records,DBT-2024-028,Copper Basin Ventures,0.1714,0.3333,,0.2434,auto_reject
sales_records,SR-1019,Foundry Square Partners,debt_records,DBT-2024-012,Redwood Multifamily Group LLC,0.3086,0.1615,,0.2432,auto_reject
sales_records,SR-1009,Delta Ridge Ventures,debt_records,DBT-2024-026,Blackthorn Industrial LP,0.271,0.208,,0.243,auto_reject
sales_records,SR-1006,Bluepeak Realty Trust,debt_records,DBT-2024-015,Grayson Industrial Fund,0.2553,0.2273,,0.2429,auto_reject
sales_records,SR-1013,Vantage Point Capital,debt_records,DBT-2024-021,Hollow Creek Residential,0.2595,0.2222,,0.2429,auto_reject
sales_records,SR-1014,Summit Bay Investors,debt_records,DBT-2024-015,Grayson Industrial Fund,0.1395,0.3721,,0.2429,auto_reject
sales_records,SR-1008,Northgate Logistics,debt_records,DBT-2024-005,Crestpoint Industrial Partners LLC,0.2545,0.2281,,0.2428,auto_reject
sales_records,SR-1014,Summit Bay Investors,debt_records,DBT-2024-029,Ferngate Multifamily Trust,0.1935,0.3043,,0.2427,auto_reject
sales_records,SR-1014,Summit Bay Investors,debt_records,DBT-2024-025,Windermere Office Fund,0.2842,0.1905,,0.2426,auto_reject
sales_records,SR-1008,Northgate Logistics,debt_records,DBT-2024-001,Meridian Properties LLC,0.1622,0.3419,,0.2421,auto_reject
sales_records,SR-1005,Crestpoint Industrial Partners,debt_records,DBT-2024-006,Bluepeak Realty Trust,0.2154,0.2745,,0.2417,auto_reject
sales_records,SR-1029,Ember Ridge Capital,debt_records,DBT-2024-002,Oakwood Retail Partners Inc,0.2824,0.1901,,0.2414,auto_reject
sales_records,SR-1010,Cornerstone Retail Fund,debt_records,DBT-2024-005,Crestpoint Industrial Partners LLC,0.2057,0.2848,,0.2409,auto_reject
sales_records,SR-1008,Northgate Logistics,debt_records,DBT-2024-015,Grayson Industrial Fund,0.2049,0.2857,,0.2408,auto_reject
sales_records,SR-1003,Silverline Capital,debt_records,DBT-2024-027,Sagebrush Retail Holdings,0.21,0.2791,,0.2407,auto_reject
sales_records,SR-1018,Brightline REIT,debt_records,DBT-2024-007,Ashford Commercial Group,0.2809,0.1879,,0.2396,auto_reject
sales_records,SR-1008,Northgate Logistics,debt_records,DBT-2023-017,Coastal Bend Capital,0.225,0.2564,,0.239,auto_reject
sales_records,SR-1003,Silverline Capital,debt_records,DBT-2024-009,Delta Ridge Ventures LLC,0.2118,0.2722,,0.2386,auto_reject
sales_records,SR-1021,Maple Crest Ventures,debt_records,DBT-2024-003,Silverline Capital LLC,0.2118,0.2722,,0.2386,auto_reject
sales_records,SR-1021,Maple Crest Ventures,debt_records,DBT-2024-030,Silverline Capital LLC,0.2118,0.2722,,0.2386,auto_reject
sales_records,SR-1014,Summit Bay Investors,debt_records,DBT-2024-027,Sagebrush Retail Holdings,0.18,0.3111,,0.2383,auto_reject
sales_records,SR-1006,Bluepeak Realty Trust,debt_records,DBT-2024-005,Crestpoint Industrial Partners LLC,0.2154,0.2665,,0.2381,auto_reject
sales_records,SR-1007,Ashford Commercial Group,debt_records,DBT-2024-024,Quarrystone Partners,0.21,0.2727,,0.2379,auto_reject
sales_records,SR-1005,Crestpoint Industrial Partners,debt_records,DBT-2024-019,Amberleaf Retail Trust,0.1818,0.3077,,0.2378,auto_reject
sales_records,SR-1014,Summit Bay Investors,debt_records,DBT-2024-012,Redwood Multifamily Group LLC,0.2211,0.258,,0.2375,auto_reject
sales_records,SR-1002,Oakwood Retail Partners,debt_records,DBT-2024-015,Grayson Industrial Fund,0.2526,0.2174,,0.237,auto_reject
sales_records,SR-1003,Silverline Capital,debt_records,DBT-2024-005,Crestpoint Industrial Partners LLC,0.24,0.2327,,0.2368,auto_reject
sales_records,SR-1012,Redwood Multifamily Group,debt_records,DBT-2024-009,Delta Ridge Ventures LLC,0.3176,0.135,,0.2364,auto_reject
sales_records,SR-1027,Bayshore Office Trust,debt_records,DBT-2024-005,Crestpoint Industrial Partners LLC,0.2118,0.2665,,0.2361,auto_reject
sales_records,SR-1009,Delta Ridge Ventures,debt_records,DBT-2024-006,Bluepeak Realty Trust,0.1895,0.2927,,0.2354,auto_reject
sales_records,SR-1006,Bluepeak Realty Trust,debt_records,DBT-2024-025,Windermere Office Fund,0.2,0.2791,,0.2352,auto_reject
sales_records,SR-1008,Northgate Logistics,debt_records,DBT-2024-021,Hollow Creek Residential,0.2,0.2791,,0.2352,auto_reject
sales_records,SR-1012,Redwood Multifamily Group,debt_records,DBT-2024-008,Northgate Logistics LLC,0.2333,0.2364,,0.2347,auto_reject
sales_records,SR-1010,Cornerstone Retail Fund,debt_records,DBT-2024-007,Ashford Commercial Group,0.15,0.3404,,0.2346,auto_reject
sales_records,SR-1018,Brightline REIT,debt_records,DBT-2024-006,Bluepeak Realty Trust,0.2049,0.2717,,0.2346,auto_reject
sales_records,SR-1021,Maple Crest Ventures,debt_records,DBT-2024-026,Blackthorn Industrial LP,0.2323,0.2373,,0.2345,auto_reject
sales_records,SR-1012,Redwood Multifamily Group,debt_records,DBT-2024-022,Palmetto Coast Investors,0.3882,0.0408,,0.2338,auto_reject
sales_records,SR-1005,Crestpoint Industrial Partners,debt_records,DBT-2024-020,Steelyard Logistics Fund,0.1818,0.2963,,0.2327,auto_reject
sales_records,SR-1013,Vantage Point Capital,debt_records,DBT-2024-001,Meridian Properties LLC,0.1579,0.3255,,0.2324,auto_reject
sales_records,SR-1014,Summit Bay Investors,debt_records,DBT-2024-007,Ashford Commercial Group,0.2,0.2727,,0.2323,auto_reject
sales_records,SR-1018,Brightline REIT,debt_records,DBT-2024-026,Blackthorn Industrial LP,0.2118,0.2574,,0.2321,auto_reject
sales_records,SR-1022,Sable Point Group,debt_records,DBT-2024-024,Quarrystone Partners,0.1579,0.3243,,0.2319,auto_reject
sales_records,SR-1006,Bluepeak Realty Trust,debt_records,DBT-2024-008,Northgate Logistics LLC,0.3,0.1445,,0.2309,auto_reject
sales_records,SR-1030,Marlin Bay Partners,debt_records,DBT-2023-013,Falcon Creek Holdings,0.1756,0.3,,0.2309,auto_reject
sales_records,SR-1003,Silverline Capital,debt_records,DBT-2024-008,Northgate Logistics LLC,0.2333,0.2273,,0.2306,auto_reject
sales_records,SR-1030,Marlin Bay Partners,debt_records,DBT-2024-026,Blackthorn Industrial LP,0.2057,0.2616,,0.2305,auto_reject
sales_records,SR-1023,Twin Rivers Retail LLC,debt_records,DBT-2024-026,Blackthorn Industrial LP,0.1161,0.3719,,0.2298,auto_reject
sales_records,SR-1028,Stonebridge Retail Group,debt_records,DBT-2024-005,Crestpoint Industrial Partners LLC,0.2182,0.2437,,0.2295,auto_reject
sales_records,SR-1027,Bayshore Office Trust,debt_records,DBT-2024-010,Cornerstone Retail Fund,0.1946,0.2727,,0.2293,auto_reject
sales_records,SR-1006,Bluepeak Realty Trust,debt_records,DBT-2024-001,Meridian Properties LLC,0.1953,0.2709,,0.2289,auto_reject
sales_records,SR-1025,Copperfield Industrial,debt_records,DBT-2024-008,Northgate Logistics LLC,0.1714,0.3001,,0.2286,auto_reject
sales_records,SR-1020,Golden Gate Industrial Trust,debt_records,DBT-2024-001,Meridian Properties LLC,0.2,0.263,,0.228,auto_reject
sales_records,SR-1001,Meridian Property Group,debt_records,DBT-2024-009,Delta Ridge Ventures LLC,0.1714,0.2975,,0.2274,auto_reject
sales_records,SR-1005,Crestpoint Industrial Partners,debt_records,DBT-2023-013,Falcon Creek Holdings,0.1895,0.2745,,0.2273,auto_reject
sales_records,SR-1008,Northgate Logistics,debt_records,DBT-2024-012,Redwood Multifamily Group LLC,0.2333,0.2197,,0.2273,auto_reject
sales_records,SR-1006,Bluepeak Realty Trust,debt_records,DBT-2023-017,Coastal Bend Capital,0.2526,0.1951,,0.227,auto_reject
sales_records,SR-1007,Ashford Commercial Group,debt_records,DBT-2024-029,Ferngate Multifamily Trust,0.12,0.36,,0.2267,auto_reject
sales_records,SR-1005,Crestpoint Industrial Partners,debt_records,DBT-2024-011,Pinnacle Office Trust,0.1875,0.2745,,0.2262,auto_reject
sales_records,SR-1014,Summit Bay Investors,debt_records,DBT-2024-002,Oakwood Retail Partners Inc,0.2182,0.2355,,0.2259,auto_reject
sales_records,SR-1008,Northgate Logistics,debt_records,DBT-2023-013,Falcon Creek Holdings,0.2462,0.2,,0.2257,auto_reject
sales_records,SR-1022,Sable Point Group,debt_records,DBT-2024-010,Cornerstone Retail Fund,0.2057,0.25,,0.2254,auto_reject
sales_records,SR-1014,Summit Bay Investors,debt_records,DBT-2024-006,Bluepeak Realty Trust,0.1714,0.2927,,0.2253,auto_reject
sales_records,SR-1014,Summit Bay Investors,debt_records,DBT-2024-021,Hollow Creek Residential,0.2211,0.2273,,0.2239,auto_reject
sales_records,SR-1001,Meridian Property Group,debt_records,DBT-2024-028,Copper Basin Ventures,0.1846,0.2727,,0.2238,auto_reject
sales_records,SR-1003,Silverline Capital,debt_records,DBT-2024-001,Meridian Properties LLC,0.1846,0.2726,,0.2237,auto_reject
sales_records,SR-1030,Marlin Bay Partners,debt_records,DBT-2024-008,Northgate Logistics LLC,0.2,0.2531,,0.2236,auto_reject
sales_records,SR-1003,Silverline Capital,debt_records,DBT-2024-022,Palmetto Coast Investors,0.2118,0.2381,,0.2235,auto_reject
sales_records,SR-1009,Delta Ridge Ventures,debt_records,DBT-2024-024,Quarrystone Partners,0.1622,0.3,,0.2234,auto_reject
sales_records,SR-1013,Vantage Point Capital,debt_records,DBT-2024-007,Ashford Commercial Group,0.1532,0.3111,,0.2234,auto_reject
sales_records,SR-1007,Ashford Commercial Group,debt_records,DBT-2024-028,Copper Basin Ventures,0.2595,0.1778,,0.2232,auto_reject
sales_records,SR-1011,Pinnacle Office Trust,debt_records,DBT-2024-005,Crestpoint Industrial Partners LLC,0.1875,0.2665,,0.2226,auto_reject
sales_records,SR-1030,Marlin Bay Partners,debt_records,DBT-2024-012,Redwood Multifamily Group LLC,0.1895,0.2636,,0.2224,auto_reject
sales_records,SR-1012,Redwood Multifamily Group,debt_records,DBT-2024-001,Meridian Properties LLC,0.2462,0.1924,,0.2223,auto_reject
sales_records,SR-1014,Summit Bay Investors,debt_records,DBT-2023-013,Falcon Creek Holdings,0.2049,0.2439,,0.2222,auto_reject
sales_records,SR-1015,Ironwood Development Co,debt_records,DBT-2024-028,Copper Basin Ventures,0.21,0.2373,,0.2221,auto_reject
sales_records,SR-1026,Willowbrook Residential Partners,debt_records,DBT-2024-001,Meridian Properties LLC,0.2512,0.1848,,0.2217,auto_reject
sales_records,SR-1005,Crestpoint Industrial Partners,debt_records,DBT-2024-027,Sagebrush Retail Holdings,0.1946,0.2545,,0.2212,auto_reject
sales_records,SR-1030,Marlin Bay Partners,debt_records,DBT-2024-027,Sagebrush Retail Holdings,0.18,0.2727,,0.2212,auto_reject
sales_records,SR-1003,Silverline Capital,debt_records,DBT-2024-025,Windermere Office Fund,0.1579,0.3,,0.2211,auto_reject
sales_records,SR-1011,Pinnacle Office Trust,debt_records,DBT-2024-003,Silverline Capital LLC,0.24,0.1975,,0.2211,auto_reject
sales_records,SR-1011,Pinnacle Office Trust,debt_records,DBT-2024-030,Silverline Capital LLC,0.24,0.1975,,0.2211,auto_reject
sales_records,SR-1029,Ember Ridge Capital,debt_records,DBT-2024-029,Ferngate Multifamily Trust,0.1125,0.3556,,0.2205,auto_reject
sales_records,SR-1015,Ironwood Development Co,debt_records,DBT-2023-017,Coastal Bend Capital,0.2,0.243,,0.2191,auto_reject
sales_records,SR-1030,Marlin Bay Partners,debt_records,DBT-2024-009,Delta Ridge Ventures LLC,0.1765,0.2712,,0.2186,auto_reject
sales_records,SR-1015,Ironwood Development Co,debt_records,DBT-2024-021,Hollow Creek Residential,0.18,0.2658,,0.2181,auto_reject
sales_records,SR-1011,Pinnacle Office Trust,debt_records,DBT-2024-024,Quarrystone Partners,0.1579,0.2927,,0.2178,auto_reject
sales_records,SR-1017,Larkspur Holdings,debt_records,DBT-2024-002,Oakwood Retail Partners Inc,0.1935,0.2473,,0.2174,auto_reject
sales_records,SR-1008,Northgate Logistics,debt_records,DBT-2024-016,Prairie Wind Multifamily LP,0.1371,0.3171,,0.2171,auto_reject
sales_records,SR-1030,Marlin Bay Partners,debt_records,DBT-2024-021,Hollow Creek Residential,0.3158,0.093,,0.2168,auto_reject
sales_records,SR-1011,Pinnacle Office Trust,debt_records,DBT-2024-010,Cornerstone Retail Fund,0.1714,0.2727,,0.2164,auto_reject
sales_records,SR-1020,Golden Gate Industrial Trust,debt_records,DBT-2024-024,Quarrystone Partners,0.1895,0.25,,0.2164,auto_reject
sales_records,SR-1010,Cornerstone Retail Fund,debt_records,DBT-2024-029,Ferngate Multifamily Trust,0.1935,0.2449,,0.2163,auto_reject
sales_records,SR-1011,Pinnacle Office Trust,debt_records,DBT-2024-012,Redwood Multifamily Group LLC,0.3429,0.0581,,0.2163,auto_reject
sales_records,SR-1009,Delta Ridge Ventures,debt_records,DBT-2024-003,Silverline Capital LLC,0.2118,0.2216,,0.2162,auto_reject
sales_records,SR-1009,Delta Ridge Ventures,debt_records,DBT-2024-030,Silverline Capital LLC,0.2118,0.2216,,0.2162,auto_reject
sales_records,SR-1007,Ashford Commercial Group,debt_records,DBT-2024-009,Delta Ridge Ventures LLC,0.2909,0.1212,,0.2155,auto_reject
sales_records,SR-1010,Cornerstone Retail Fund,debt_records,DBT-2024-011,Pinnacle Office Trust,0.2057,0.2273,,0.2153,auto_reject
sales_records,SR-1001,Meridian Property Group,debt_records,DBT-2024-003,Silverline Capital LLC,0.1846,0.253,,0.215,auto_reject
sales_records,SR-1001,Meridian Property Group,debt_records,DBT-2024-030,Silverline Capital LLC,0.1846,0.253,,0.215,auto_reject
sales_records,SR-1021,Maple Crest Ventures,debt_records,DBT-2024-008,Northgate Logistics LLC,0.15,0.2962,,0.215,auto_reject
sales_records,SR-1005,Crestpoint Industrial Partners,debt_records,DBT-2024-010,Cornerstone Retail Fund,0.2057,0.2264,,0.2149,auto_reject
sales_records,SR-1015,Ironwood Development Co,debt_records,DBT-2024-009,Delta Ridge Ventures LLC,0.1333,0.3162,,0.2146,auto_reject
sales_records,SR-1002,Oakwood Retail Partners,debt_records,DBT-2024-029,Ferngate Multifamily Trust,0.0923,0.3673,,0.2145,auto_reject
sales_records,SR-1030,Marlin Bay Partners,debt_records,DBT-2024-020,Steelyard Logistics Fund,0.2,0.2326,,0.2145,auto_reject
sales_records,SR-1025,Copperfield Industrial,debt_records,DBT-2024-002,Oakwood Retail Partners Inc,0.1875,0.2476,,0.2142,auto_reject
sales_records,SR-1010,Cornerstone Retail Fund,debt_records,DBT-2024-001,Meridian Properties LLC,0.2462,0.1727,,0.2135,auto_reject
sales_records,SR-1018,Brightline REIT,debt_records,DBT-2024-010,Cornerstone Retail Fund,0.1622,0.2775,,0.2134,auto_reject
sales_records,SR-1001,Meridian Property Group,debt_records,DBT-2024-008,Northgate Logistics LLC,0.1622,0.2758,,0.2127,auto_reject
sales_records,SR-1001,Meridian Property Group,debt_records,DBT-2024-016,Prairie Wind Multifamily LP,0.1579,0.2812,,0.2127,auto_reject
sales_records,SR-1012,Redwood Multifamily Group,debt_records,DBT-2024-024,Quarrystone Partners,0.2049,0.2222,,0.2126,auto_reject
sales_records,SR-1015,Ironwood Development Co,debt_records,DBT-2024-001,Meridian Properties LLC,0.1756,0.2582,,0.2123,auto_reject
sales_records,SR-1028,Stonebridge Retail Group,debt_records,DBT-2024-008,Northgate Logistics LLC,0.2471,0.1688,,0.2123,auto_reject
sales_records,SR-1001,Meridian Property Group,debt_records,DBT-2023-013,Falcon Creek Holdings,0.2,0.2273,,0.2121,auto_reject
sales_records,SR-1014,Summit Bay Investors,debt_records,DBT-2024-010,Cornerstone Retail Fund,0.1579,0.2791,,0.2118,auto_reject
sales_records,SR-1014,Summit Bay Investors,debt_records,DBT-2024-019,Amberleaf Retail Trust,0.2667,0.1429,,0.2117,auto_reject
sales_records,SR-1015,Ironwood Development Co,debt_records,DBT-2024-014,Union Pacific Retail Partners,0.1895,0.2392,,0.2116,auto_reject
sales_records,SR-1019,Foundry Square Partners,debt_records,DBT-2024-010,Cornerstone Retail Fund,0.1714,0.2609,,0.2112,auto_reject
sales_records,SR-1025,Copperfield Industrial,debt_records,DBT-2024-029,Ferngate Multifamily Trust,0.08,0.375,,0.2111,auto_reject
sales_records,SR-1015,Ironwood Development Co,debt_records,DBT-2024-025,Windermere Office Fund,0.12,0.3244,,0.2108,auto_reject
sales_records,SR-1003,Silverline Capital,debt_records,DBT-2024-007,Ashford Commercial Group,0.15,0.2857,,0.2103,auto_reject
sales_records,SR-1003,Silverline Capital,debt_records,DBT-2024-012,Redwood Multifamily Group LLC,0.2211,0.1967,,0.2103,auto_reject
sales_records,SR-1023,Twin Rivers Retail LLC,debt_records,DBT-2023-013,Falcon Creek Holdings,0.2595,0.1481,,0.21,auto_reject
sales_records,SR-1017,Larkspur Holdings,debt_records,DBT-2024-028,Copper Basin Ventures,0.1667,0.2632,,0.2096,auto_reject
sales_records,SR-1009,Delta Ridge Ventures,debt_records,DBT-2024-029,Ferngate Multifamily Trust,0.1333,0.3043,,0.2093,auto_reject
sales_records,SR-1017,Larkspur Holdings,debt_records,DBT-2024-019,Amberleaf Retail Trust,0.2118,0.2051,,0.2088,auto_reject
sales_records,SR-1017,Larkspur Holdings,debt_records,DBT-2024-012,Redwood Multifamily Group LLC,0.2,0.2186,,0.2083,auto_reject
sales_records,SR-1018,Brightline REIT,debt_records,DBT-2024-005,Crestpoint Industrial Partners LLC,0.1765,0.248,,0.2083,auto_reject
sales_records,SR-1026,Willowbrook Residential Partners,debt_records,DBT-2024-003,Silverline Capital LLC,0.1143,0.3253,,0.2081,auto_reject
sales_records,SR-1026,Willowbrook Residential Partners,debt_records,DBT-2024-010,Cornerstone Retail Fund,0.2,0.2182,,0.2081,auto_reject
sales_records,SR-1026,Willowbrook Residential Partners,debt_records,DBT-2024-030,Silverline Capital LLC,0.1143,0.3253,,0.2081,auto_reject
sales_records,SR-1001,Meridian Property Group,debt_records,DBT-2024-029,Ferngate Multifamily Trust,0.1125,0.3265,,0.2076,auto_reject
sales_records,SR-1011,Pinnacle Office Trust,debt_records,DBT-2024-026,Blackthorn Industrial LP,0.1875,0.2317,,0.2071,auto_reject
sales_records,SR-1025,Copperfield Industrial,debt_records,DBT-2024-007,Ashford Commercial Group,0.1277,0.3043,,0.2062,auto_reject
sales_records,SR-1023,Twin Rivers Retail LLC,debt_records,DBT-2024-006,Bluepeak Realty Trust,0.1579,0.2655,,0.2057,auto_reject
sales_records,SR-1010,Cornerstone Retail Fund,debt_records,DBT-2024-009,Delta Ridge Ventures LLC,0.1765,0.2417,,0.2055,auto_reject
sales_records,SR-1005,Crestpoint Industrial Partners,debt_records,DBT-2024-007,Ashford Commercial Group,0.16,0.2593,,0.2041,auto_reject
sales_records,SR-1019,Foundry Square Partners,debt_records,DBT-2024-029,Ferngate Multifamily Trust,0.1714,0.2449,,0.2041,auto_reject
sales_records,SR-1001,Meridian Property Group,debt_records,DBT-2024-026,Blackthorn Industrial LP,0.2333,0.1669,,0.2038,auto_reject
sales_records,SR-1008,Northgate Logistics,debt_records,DBT-2024-002,Oakwood Retail Partners Inc,0.1548,0.2646,,0.2036,auto_reject
sales_records,SR-1014,Summit Bay Investors,debt_records,DBT-2024-011,Pinnacle Office Trust,0.1714,0.2439,,0.2036,auto_reject
sales_records,SR-1008,Northgate Logistics,debt_records,DBT-2024-026,Blackthorn Industrial LP,0.1091,0.3216,,0.2035,auto_reject
sales_records,SR-1030,Marlin Bay Partners,debt_records,DBT-2024-006,Bluepeak Realty Trust,0.0857,0.35,,0.2032,auto_reject
sales_records,SR-1015,Ironwood Development Co,debt_records,DBT-2024-016,Prairie Wind Multifamily LP,0.1231,0.3029,,0.203,auto_reject
sales_records,SR-1012,Redwood Multifamily Group,debt_records,DBT-2024-003,Silverline Capital LLC,0.2211,0.1797,,0.2027,auto_reject
sales_records,SR-1012,Redwood Multifamily Group,debt_records,DBT-2024-030,Silverline Capital LLC,0.2211,0.1797,,0.2027,auto_reject
sales_records,SR-1015,Ironwood Development Co,debt_records,DBT-2024-019,Amberleaf Retail Trust,0.2526,0.139,,0.2021,auto_reject
sales_records,SR-1025,Copperfield Industrial,debt_records,DBT-2024-014,Union Pacific Retail Partners,0.2057,0.1961,,0.2014,auto_reject
sales_records,SR-1001,Meridian Property Group,debt_records,DBT-2024-025,Windermere Office Fund,0.1846,0.2222,,0.2013,auto_reject
sales_records,SR-1008,Northgate Logistics,debt_records,DBT-2024-009,Delta Ridge Ventures LLC,0.15,0.2655,,0.2013,auto_reject
sales_records,SR-1008,Northgate Logistics,debt_records,DBT-2024-027,Sagebrush Retail Holdings,0.2526,0.1364,,0.201,auto_reject
sales_records,SR-1015,Ironwood Development Co,debt_records,DBT-2024-024,Quarrystone Partners,0.1674,0.243,,0.201,auto_reject
sales_records,SR-1017,Larkspur Holdings,debt_records,DBT-2024-021,Hollow Creek Residential,0.1667,0.2439,,0.201,auto_reject
sales_records,SR-1017,Larkspur Holdings,debt_records,DBT-2023-017,Coastal Bend Capital,0.1875,0.2162,,0.2003,auto_reject
sales_records,SR-1013,Vantage Point Capital,debt_records,DBT-2024-029,Ferngate Multifamily Trust,0.12,0.2979,,0.1991,auto_reject
sales_records,SR-1030,Marlin Bay Partners,debt_records,DBT-2024-015,Grayson Industrial Fund,0.1674,0.2381,,0.1988,auto_reject
sales_records,SR-1001,Meridian Property Group,debt_records,DBT-2024-010,Cornerstone Retail Fund,0.2154,0.1739,,0.197,auto_reject
sales_records,SR-1017,Larkspur Holdings,debt_records,DBT-2024-003,Silverline Capital LLC,0.1333,0.274,,0.1958,auto_reject
sales_records,SR-1017,Larkspur Holdings,debt_records,DBT-2024-030,Silverline Capital LLC,0.1333,0.274,,0.1958,auto_reject
sales_records,SR-1029,Ember Ridge Capital,debt_records,DBT-2024-024,Quarrystone Partners,0.2286,0.1538,,0.1954,auto_reject
sales_records,SR-1015,Ironwood Development Co,debt_records,DBT-2024-015,Grayson Industrial Fund,0.1333,0.2718,,0.1949,auto_reject
sales_records,SR-1017,Larkspur Holdings,debt_records,DBT-2024-011,Pinnacle Office Trust,0.1818,0.2105,,0.1946,auto_reject
sales_records,SR-1009,Delta Ridge Ventures,debt_records,DBT-2024-008,Northgate Logistics LLC,0.1125,0.2962,,0.1941,auto_reject
sales_records,SR-1017,Larkspur Holdings,debt_records,DBT-2024-006,Bluepeak Realty Trust,0.18,0.2105,,0.1936,auto_reject
sales_records,SR-1023,Twin Rivers Retail LLC,debt_records,DBT-2024-029,Ferngate Multifamily Trust,0.0889,0.3242,,0.1935,auto_reject
sales_records,SR-1029,Ember Ridge Capital,debt_records,DBT-2024-008,Northgate Logistics LLC,0.1297,0.2722,,0.193,auto_reject
sales_records,SR-1022,Sable Point Group,debt_records,DBT-2024-029,Ferngate Multifamily Trust,0.0857,0.3256,,0.1923,auto_reject
sales_records,SR-1025,Copperfield Industrial,debt_records,DBT-2024-009,Delta Ridge Ventures LLC,0.1455,0.2472,,0.1907,auto_reject
sales_records,SR-1012,Redwood Multifamily Group,debt_records,DBT-2024-005,Crestpoint Industrial Partners LLC,0.1714,0.2123,,0.1896,auto_reject
sales_records,SR-1006,Bluepeak Realty Trust,debt_records,DBT-2024-007,Ashford Commercial Group,0.0923,0.3111,,0.1895,auto_reject
sales_records,SR-1011,Pinnacle Office Trust,debt_records,DBT-2024-001,Meridian Properties LLC,0.2,0.1745,,0.1887,auto_reject
sales_records,SR-1025,Copperfield Industrial,debt_records,DBT-2024-012,Redwood Multifamily Group LLC,0.1622,0.2218,,0.1887,auto_reject
sales_records,SR-1015,Ironwood Development Co,debt_records,DBT-2024-020,Steelyard Logistics Fund,0.1263,0.2658,,0.1883,auto_reject
sales_records,SR-1003,Silverline Capital,debt_records,DBT-2024-002,Oakwood Retail Partners Inc,0.1455,0.2415,,0.1882,auto_reject
sales_records,SR-1002,Oakwood Retail Partners,debt_records,DBT-2024-008,Northgate Logistics LLC,0.1548,0.2298,,0.1881,auto_reject
sales_records,SR-1015,Ironwood Development Co,debt_records,DBT-2024-022,Palmetto Coast Investors,0.1333,0.2555,,0.1876,auto_reject
sales_records,SR-1014,Summit Bay Investors,debt_records,DBT-2023-017,Coastal Bend Capital,0.1765,0.2,,0.1869,auto_reject
sales_records,SR-1003,Silverline Capital,debt_records,DBT-2024-014,Union Pacific Retail Partners,0.2,0.1702,,0.1868,auto_reject
sales_records,SR-1015,Ironwood Development Co,debt_records,DBT-2024-006,Bluepeak Realty Trust,0.2182,0.1424,,0.1845,auto_reject
sales_records,SR-1023,Twin Rivers Retail LLC,debt_records,DBT-2024-008,Northgate Logistics LLC,0.1125,0.272,,0.1834,auto_reject
sales_records,SR-1015,Ironwood Development Co,debt_records,DBT-2023-013,Falcon Creek Holdings,0.1395,0.2373,,0.183,auto_reject
sales_records,SR-1007,Ashford Commercial Group,debt_records,DBT-2024-008,Northgate Logistics LLC,0.1714,0.1967,,0.1826,auto_reject
sales_records,SR-1013,Vantage Point Capital,debt_records,DBT-2024-006,Bluepeak Realty Trust,0.1756,0.1905,,0.1822,auto_reject
sales_records,SR-1026,Willowbrook Residential Partners,debt_records,DBT-2024-008,Northgate Logistics LLC,0.18,0.1848,,0.1821,auto_reject
sales_records,SR-1006,Bluepeak Realty Trust,debt_records,DBT-2024-016,Prairie Wind Multifamily LP,0.1756,0.19,,0.182,auto_reject
sales_records,SR-1009,Delta Ridge Ventures,debt_records,DBT-2024-010,Cornerstone Retail Fund,0.1412,0.2326,,0.1818,auto_reject
sales_records,SR-1008,Northgate Logistics,debt_records,DBT-2024-028,Copper Basin Ventures,0.1667,0.2,,0.1815,auto_reject
sales_records,SR-1030,Marlin Bay Partners,debt_records,DBT-2024-029,Ferngate Multifamily Trust,0.0774,0.3111,,0.1813,auto_reject
sales_records,SR-1005,Crestpoint Industrial Partners,debt_records,DBT-2024-025,Windermere Office Fund,0.1714,0.1923,,0.1807,auto_reject
sales_records,SR-1014,Summit Bay Investors,debt_records,DBT-2024-008,Northgate Logistics LLC,0.1667,0.1975,,0.1804,auto_reject
sales_records,SR-1026,Willowbrook Residential Partners,debt_records,DBT-2024-026,Blackthorn Industrial LP,0.1538,0.2132,,0.1802,auto_reject
sales_records,SR-1015,Ironwood Development Co,debt_records,DBT-2024-029,Ferngate Multifamily Trust,0.2182,0.1272,,0.1778,auto_reject
sales_records,SR-1017,Larkspur Holdings,debt_records,DBT-2024-010,Cornerstone Retail Fund,0.2,0.15,,0.1778,auto_reject
sales_records,SR-1003,Silverline Capital,debt_records,DBT-2024-020,Steelyard Logistics Fund,0.1667,0.1905,,0.1773,auto_reject
sales_records,SR-1005,Crestpoint Industrial Partners,debt_records,DBT-2024-001,Meridian Properties LLC,0.2,0.1489,,0.1773,auto_reject
sales_records,SR-1007,Ashford Commercial Group,debt_records,DBT-2024-011,Pinnacle Office Trust,0.2471,0.0889,,0.1768,auto_reject
sales_records,SR-1014,Summit Bay Investors,debt_records,DBT-2024-016,Prairie Wind Multifamily LP,0.1622,0.1942,,0.1764,auto_reject
sales_records,SR-1001,Meridian Property Group,debt_records,DBT-2023-017,Coastal Bend Capital,0.2057,0.1395,,0.1763,auto_reject
sales_records,SR-1017,Larkspur Holdings,debt_records,DBT-2024-014,Union Pacific Retail Partners,0.1765,0.1739,,0.1753,auto_reject
sales_records,SR-1008,Northgate Logistics,debt_records,DBT-2024-003,Silverline Capital LLC,0.1333,0.2273,,0.1751,auto_reject
sales_records,SR-1008,Northgate Logistics,debt_records,DBT-2024-030,Silverline Capital LLC,0.1333,0.2273,,0.1751,auto_reject
sales_records,SR-1013,Vantage Point Capital,debt_records,DBT-2024-028,Copper Basin Ventures,0.1622,0.1905,,0.1748,auto_reject
sales_records,SR-1014,Summit Bay Investors,debt_records,DBT-2024-020,Steelyard Logistics Fund,0.1667,0.1818,,0.1734,auto_reject
sales_records,SR-1030,Marlin Bay Partners,debt_records,DBT-2024-007,Ashford Commercial Group,0.2,0.1395,,0.1731,auto_reject
sales_records,SR-1013,Vantage Point Capital,debt_records,DBT-2024-020,Steelyard Logistics Fund,0.24,0.0889,,0.1728,auto_reject
sales_records,SR-1017,Larkspur Holdings,debt_records,DBT-2024-001,Meridian Properties LLC,0.0973,0.2667,,0.1726,auto_reject
sales_records,SR-1002,Oakwood Retail Partners,debt_records,DBT-2024-003,Silverline Capital LLC,0.1455,0.206,,0.1724,auto_reject
sales_records,SR-1002,Oakwood Retail Partners,debt_records,DBT-2024-030,Silverline Capital LLC,0.1455,0.206,,0.1724,auto_reject
sales_records,SR-1018,Brightline REIT,debt_records,DBT-2024-029,Ferngate Multifamily Trust,0.12,0.2366,,0.1718,auto_reject
sales_records,SR-1013,Vantage Point Capital,debt_records,DBT-2024-012,Redwood Multifamily Group LLC,0.1946,0.1423,,0.1714,auto_reject
sales_records,SR-1015,Ironwood Development Co,debt_records,DBT-2024-005,Crestpoint Industrial Partners LLC,0.1946,0.1422,,0.1713,auto_reject
sales_records,SR-1025,Copperfield Industrial,debt_records,DBT-2024-025,Windermere Office Fund,0.1622,0.1818,,0.1709,auto_reject
sales_records,SR-1005,Crestpoint Industrial Partners,debt_records,DBT-2024-012,Redwood Multifamily Group LLC,0.1714,0.1686,,0.1702,auto_reject
sales_records,SR-1008,Northgate Logistics,debt_records,DBT-2024-007,Ashford Commercial Group,0.1565,0.186,,0.1696,auto_reject
sales_records,SR-1017,Larkspur Holdings,debt_records,DBT-2024-007,Ashford Commercial Group,0.1826,0.1463,,0.1665,auto_reject
sales_records,SR-1015,Ironwood Development Co,debt_records,DBT-2024-007,Ashford Commercial Group,0.144,0.1942,,0.1663,auto_reject
sales_records,SR-1008,Northgate Logistics,debt_records,DBT-2024-022,Palmetto Coast Investors,0.15,0.186,,0.166,auto_reject
sales_records,SR-1001,Meridian Property Group,debt_records,DBT-2024-020,Steelyard Logistics Fund,0.1622,0.1702,,0.1658,auto_reject
sales_records,SR-1021,Maple Crest Ventures,debt_records,DBT-2024-029,Ferngate Multifamily Trust,0.0889,0.2609,,0.1653,auto_reject
sales_records,SR-1008,Northgate Logistics,debt_records,DBT-2024-024,Quarrystone Partners,0.0923,0.2564,,0.1652,auto_reject
sales_records,SR-1002,Oakwood Retail Partners,debt_records,DBT-2024-026,Blackthorn Industrial LP,0.16,0.1669,,0.1631,auto_reject
sales_records,SR-1012,Redwood Multifamily Group,debt_records,DBT-2024-026,Blackthorn Industrial LP,0.1371,0.186,,0.1588,auto_reject
sales_records,SR-1029,Ember Ridge Capital,debt_records,DBT-2024-005,Crestpoint Industrial Partners LLC,0.1667,0.1489,,0.1588,auto_reject
sales_records,SR-1030,Marlin Bay Partners,debt_records,DBT-2024-010,Cornerstone Retail Fund,0.0947,0.2381,,0.1584,auto_reject
sales_records,SR-1030,Marlin Bay Partners,debt_records,DBT-2024-025,Windermere Office Fund,0.1263,0.1951,,0.1569,auto_reject
sales_records,SR-1006,Bluepeak Realty Trust,debt_records,DBT-2024-020,Steelyard Logistics Fund,0.21,0.0889,,0.1562,auto_reject
sales_records,SR-1017,Larkspur Holdings,debt_records,DBT-2024-008,Northgate Logistics LLC,0.1059,0.2133,,0.1536,auto_reject
sales_records,SR-1001,Meridian Property Group,debt_records,DBT-2024-011,Pinnacle Office Trust,0.1667,0.1364,,0.1532,auto_reject
sales_records,SR-1011,Pinnacle Office Trust,debt_records,DBT-2024-007,Ashford Commercial Group,0.24,0.0444,,0.1531,auto_reject
sales_records,SR-1001,Meridian Property Group,debt_records,DBT-2024-022,Palmetto Coast Investors,0.1714,0.1277,,0.152,auto_reject
sales_records,SR-1005,Crestpoint Industrial Partners,debt_records,DBT-2024-009,Delta Ridge Ventures LLC,0.1548,0.1461,,0.1509,auto_reject
sales_records,SR-1001,Meridian Property Group,debt_records,DBT-2024-002,Oakwood Retail Partners Inc,0.1765,0.1162,,0.1497,auto_reject
sales_records,SR-1015,Ironwood Development Co,debt_records,DBT-2024-026,Blackthorn Industrial LP,0.1297,0.1729,,0.1489,auto_reject
sales_records,SR-1003,Silverline Capital,debt_records,DBT-2024-016,Prairie Wind Multifamily LP,0.1622,0.1283,,0.1471,auto_reject
sales_records,SR-1027,Bayshore Office Trust,debt_records,DBT-2024-001,Meridian Properties LLC,0.1579,0.1327,,0.1467,auto_reject
sales_records,SR-1005,Crestpoint Industrial Partners,debt_records,DBT-2024-028,Copper Basin Ventures,0.1371,0.1569,,0.1459,auto_reject
sales_records,SR-1003,Silverline Capital,debt_records,DBT-2024-029,Ferngate Multifamily Trust,0.1161,0.1818,,0.1453,auto_reject
sales_records,SR-1017,Larkspur Holdings,debt_records,DBT-2024-025,Windermere Office Fund,0.1667,0.1026,,0.1382,auto_reject
sales_records,SR-1009,Delta Ridge Ventures,debt_records,DBT-2024-005,Crestpoint Industrial Partners LLC,0.1548,0.1164,,0.1377,auto_reject
sales_records,SR-1015,Ironwood Development Co,debt_records,DBT-2024-027,Sagebrush Retail Holdings,0.1429,0.13,,0.1372,auto_reject
sales_records,SR-1015,Ironwood Development Co,debt_records,DBT-2024-011,Pinnacle Office Trust,0.1297,0.1424,,0.1353,auto_reject
sales_records,SR-1026,Willowbrook Residential Partners,debt_records,DBT-2024-029,Ferngate Multifamily Trust,0.1029,0.1724,,0.1338,auto_reject
sales_records,SR-1001,Meridian Property Group,debt_records,DBT-2024-015,Grayson Industrial Fund,0.1364,0.1304,,0.1337,auto_reject
sales_records,SR-1001,Meridian Property Group,debt_records,DBT-2024-005,Crestpoint Industrial Partners LLC,0.1667,0.0874,,0.1315,auto_reject
sales_records,SR-1017,Larkspur Holdings,debt_records,DBT-2024-029,Ferngate Multifamily Trust,0.0828,0.186,,0.1287,auto_reject
sales_records,SR-1017,Larkspur Holdings,debt_records,DBT-2024-005,Crestpoint Industrial Partners LLC,0.0727,0.1962,,0.1276,auto_reject
sales_records,SR-1028,Stonebridge Retail Group,debt_records,DBT-2024-029,Ferngate Multifamily Trust,0.1241,0.08,,0.1045,auto_reject
